{
  "format_version": "1.13.0",
  "minecraft:entity": {
    "description": {
      "identifier": "minecraft:cod",
      "is_spawnable": true,
      "is_summonable": true,
      "is_experimental": false
    },
    "component_groups": { 	  "catch": {
        "minecraft:spawn_entity": [
          {
            "min_wait_time": 0,
            "max_wait_time": 0,
            "spawn_entity": "gu:catch1",
            "spawn_event": "minecraft:entity",
            "single_use": true,
            "num_to_spawn": 1,
            "should_leash": false
          }
        ]
      },

	  "catch2": {
        "minecraft:spawn_entity": [
          {
            "min_wait_time": 0,
            "max_wait_time": 0,
            "spawn_entity": "gu:catch2",
            "spawn_event": "minecraft:entity",
            "single_use": true,
            "num_to_spawn": 1,
            "should_leash": false
          }
        ]
      },

	  "catch3": {
        "minecraft:spawn_entity": [
          {
            "min_wait_time": 0,
            "max_wait_time": 0,
            "spawn_entity": "gu:catch3",
            "spawn_event": "minecraft:entity",
            "single_use": true,
            "num_to_spawn": 1,
            "should_leash": false
          }
        ]
      },

	  "catch4": {
        "minecraft:spawn_entity": [
          {
            "min_wait_time": 0,
            "max_wait_time": 0,
            "spawn_entity": "gu:catch4",
            "spawn_event": "minecraft:entity",
            "single_use": true,
            "num_to_spawn": 1,
            "should_leash": false
          }
        ]
      },
	  "catch5": {
        "minecraft:spawn_entity": [
          {
            "min_wait_time": 0,
            "max_wait_time": 0,
            "spawn_entity": "gu:catch5",
            "spawn_event": "minecraft:entity",
            "single_use": true,
            "num_to_spawn": 1,
            "should_leash": false
          }
        ]
      }
    },
    "components": {
      "minecraft:experience_reward": {
        "on_death": "query.last_hit_by_player ? Math.Random(1,3) : 0"
      },
      "minecraft:type_family": {
        "family": [ "cod", "fish" ]
      },
      "minecraft:collision_box": {
        "width": 0.6,
        "height": 0.3
      },
      "minecraft:health": {
        "value": 6,
        "max": 6
      },
      "minecraft:hurt_on_condition": {
        "damage_conditions": [
          {
            "filters": { "test": "in_lava", "subject": "self", "operator": "==", "value": true },
            "cause": "lava",
            "damage_per_tick": 4
          }
        ]
      },
      "minecraft:loot": {
        "table": "loot_tables/entities/fish.json"
      },
      "minecraft:scale": {
        "value": 1.0
      },
      "minecraft:breathable": {
        "total_supply": 15,
        "suffocate_time": 0,
        "breathes_air": false,
        "breathes_water": true
      },
      "minecraft:movement": {
        "value": 0.1
      },
      "minecraft:underwater_movement": {
        "value": 0.1
      },
      "minecraft:navigation.generic": { // Allows the mob to go through water
        "is_amphibious": false,
        "can_path_over_water": false,
        "can_swim": true,
        "can_walk": false,
        "can_breach": false,
        "can_sink": false
      },
      "minecraft:physics": {
        "has_gravity": false
      },
      "minecraft:pushable": {
        "is_pushable": true,
        "is_pushable_by_piston": true
      },        	"minecraft:interact": {
          "interactions": [
		    {
		      "on_interact": {
			    "filters": {
			      "all_of": [
				    { "test": "has_equipment", "domain": "hand", "subject": "other", "value": "gu:catchmob" },
                    { "test" :  "is_family", "subject" : "other", "value" :  "player"}
                  ]
			    },
			    "event": "catch"
		      },
			  "interact_text": "action.interact.atrapar",
			  		"spawn_items": {
							"table": "loot_tables/catch.json"
						}
            },
		    {
		      "on_interact": {
			    "filters": {
			      "all_of": [
				    { "test": "has_equipment", "domain": "hand", "subject": "other", "value": "gu:catchmob2" },
                    { "test" :  "is_family", "subject" : "other", "value" :  "player"}
                  ]
			    },
			    "event": "catch2"
		      },
			  "interact_text": "action.interact.atrapar",
			  		"spawn_items": {
							"table": "loot_tables/catch2.json"
						}
            },
		    {
		      "on_interact": {
			    "filters": {
			      "all_of": [
				    { "test": "has_equipment", "domain": "hand", "subject": "other", "value": "gu:catchmob3" },
                    { "test" :  "is_family", "subject" : "other", "value" :  "player"}
                  ]
			    },
			    "event": "catch3"
		      },
			  "interact_text": "action.interact.atrapar",
			  		"spawn_items": {
							"table": "loot_tables/catch3.json"
						}
            },
		    {
		      "on_interact": {
			    "filters": {
			      "all_of": [
				    { "test": "has_equipment", "domain": "hand", "subject": "other", "value": "gu:catchmob4" },
                    { "test" :  "is_family", "subject" : "other", "value" :  "player"}
                  ]
			    },
			    "event": "catch4"
		      },
			  "interact_text": "action.interact.atrapar",
			  		"spawn_items": {
							"table": "loot_tables/catch4.json"
						}
            },
{
		      "on_interact": {
			    "filters": {
			      "all_of": [
				    { "test": "has_equipment", "domain": "hand", "subject": "other", "value": "gu:recolectadn" },
                    { "test" :  "is_family", "subject" : "other", "value" :  "player"}
                  ]
			    },
			    "event": "minecraft"
		      },
			  "use_item": true,
			  "interact_text": "Recolectar",
			  		"spawn_items": {
							"table": "loot_tables/adnfish.json"
						}
            },
		    {
		      "on_interact": {
			    "filters": {
			      "all_of": [
				    { "test": "has_equipment", "domain": "hand", "subject": "other", "value": "gu:catchmob5" },
                    { "test" :  "is_family", "subject" : "other", "value" :  "player"}
                  ]
			    },
			    "event": "catch5"
		      },
			  "interact_text": "action.interact.atrapar",
			  		"spawn_items": {
							"table": "loot_tables/catch5.json"
						}
            }
            ]
	},
      "minecraft:movement.sway": {
        "sway_amplitude": 0.0
      },
      "minecraft:behavior.swim_idle": {
        "priority": 5
      },
      "minecraft:behavior.random_swim": { // Randomly selects points to go to, even in water
        "priority": 3,
        "speed_multiplier": 1.0,
        "xz_dist": 16,
        "y_dist": 4,
        "interval": 0
      },
      "minecraft:behavior.swim_wander": {
        "priority": 4,
        "speed_multiplier": 1.0,
        "interval": 10,
        "look_ahead": 2.0
      },
      "minecraft:behavior.avoid_mob_type": {
        "priority": 1,
        "entity_types": [
          {
            "filters": {
              "test": "is_family",
              "subject": "other",
              "value": "player"
            },
            "max_dist": 6,
            "walk_speed_multiplier": 1.5,
            "sprint_speed_multiplier": 2.0
          }
        ]
      },
      "minecraft:flocking": {
        "in_water": true,
        "match_variants": false,
        "use_center_of_mass": true,
        "low_flock_limit": 4,
        "high_flock_limit": 8,
        "goal_weight": 2.0,
        "loner_chance": 0.1,
        "influence_radius": 3.0,
        "breach_influence": 7.0,
        "separation_weight": 1.75,
        "separation_threshold": 0.95,
        "cohesion_weight": 2.0,
        "cohesion_threshold": 1.95,
        "innner_cohesion_threshold": 1.25,
        "min_height": 1.5,
        "max_height": 6.0,
        "block_distance": 2.0,
        "block_weight": 0.85
      },
      "minecraft:nameable": {
      }
    },
    "events": {
              "catch": {
        "remove": {
        },
        "add": {
          "component_groups": [
            "catch"
          ]
        }
      },
"catch2": {
        "remove": {
        },
        "add": {
          "component_groups": [
            "catch2"
          ]
        }
      },
"catch3": {
        "remove": {
        },
        "add": {
          "component_groups": [
            "catch3"
          ]
        }
      },
"catch4": {
        "remove": {
        },
        "add": {
          "component_groups": [
            "catch4"
          ]
        }
      },
"catch5": {
        "remove": {
        },
        "add": {
          "component_groups": [
            "catch5"
          ]
        }
      }
    }
  }
}