{
  "format_version": "1.13.0",
  "minecraft:entity": {
    "description": {
      "identifier": "minecraft:polar_bear",
      "is_spawnable": true,
      "is_summonable": true,
      "is_experimental": false
    },

    "component_groups": {
      "minecraft:baby": {
        "minecraft:is_baby": {
        },
        "minecraft:scale": {
          "value": 0.5
        },
        "minecraft:ageable": {
          "duration": 1200,
          "grow_up": {
            "event": "minecraft:ageable_grow_up",
            "target": "self"
          }
        },

        "minecraft:behavior.follow_parent": {
          "priority": 4,
          "speed_multiplier": 1.25
        },
        	"minecraft:interact": {
          "interactions": [
		    {
		      "on_interact": {
			    "filters": {
			      "all_of": [
				    { "test": "has_equipment", "domain": "hand", "subject": "other", "value": "gu:catchmob" },
                    { "test" :  "is_family", "subject" : "other", "value" :  "player"}
                  ]
			    },
			    "event": "catch"
		      },
			  "interact_text": "action.interact.atrapar",
			  		"spawn_items": {
							"table": "loot_tables/catch.json"
						}
            },
		    {
		      "on_interact": {
			    "filters": {
			      "all_of": [
				    { "test": "has_equipment", "domain": "hand", "subject": "other", "value": "gu:catchmob2" },
                    { "test" :  "is_family", "subject" : "other", "value" :  "player"}
                  ]
			    },
			    "event": "catch2"
		      },
			  "interact_text": "action.interact.atrapar",
			  		"spawn_items": {
							"table": "loot_tables/catch2.json"
						}
            },
		    {
		      "on_interact": {
			    "filters": {
			      "all_of": [
				    { "test": "has_equipment", "domain": "hand", "subject": "other", "value": "gu:catchmob3" },
                    { "test" :  "is_family", "subject" : "other", "value" :  "player"}
                  ]
			    },
			    "event": "catch3"
		      },
			  "interact_text": "action.interact.atrapar",
			  		"spawn_items": {
							"table": "loot_tables/catch3.json"
						}
            },
		    {
		      "on_interact": {
			    "filters": {
			      "all_of": [
				    { "test": "has_equipment", "domain": "hand", "subject": "other", "value": "gu:catchmob4" },
                    { "test" :  "is_family", "subject" : "other", "value" :  "player"}
                  ]
			    },
			    "event": "catch4"
		      },
			  "interact_text": "action.interact.atrapar",
			  		"spawn_items": {
							"table": "loot_tables/catch4.json"
						}
            },
{
		      "on_interact": {
			    "filters": {
			      "all_of": [
				    { "test": "has_equipment", "domain": "hand", "subject": "other", "value": "gu:recolectadn" },
                    { "test" :  "is_family", "subject" : "other", "value" :  "player"}
                  ]
			    },
			    "event": "minecraft"
		      },
			  			  "use_item": true,
			  "interact_text": "action.interact.recolectar",
			  		"spawn_items": {
							"table": "loot_tables/adnpolar.json"
						}
            },
		    {
		      "on_interact": {
			    "filters": {
			      "all_of": [
				    { "test": "has_equipment", "domain": "hand", "subject": "other", "value": "gu:catchmob5" },
                    { "test" :  "is_family", "subject" : "other", "value" :  "player"}
                  ]
			    },
			    "event": "catch5"
		      },
			  "interact_text": "action.interact.atrapar",
			  		"spawn_items": {
							"table": "loot_tables/catch5.json"
						}
}
          ]
        }
      },

      "minecraft:baby_wild": {
        "minecraft:on_target_acquired": {
          "event": "minecraft:on_scared",
          "target": "self"
        },
        "minecraft:behavior.nearest_attackable_target": {
          "priority": 4,
          "entity_types": [
            {
              "filters": { "test" :  "is_family", "subject" : "other", "value" :  "player"},
              "max_dist": 16
            }
          ],
          "must_see": false
        }
      },

      "minecraft:baby_scared": {
        "minecraft:angry": {
          "duration": 1,
          "broadcast_anger": true,
          "broadcast_range": 41,
          "calm_event": {
            "event": "minecraft:baby_on_calm",
            "target": "self"
          }
        }
      },

      "minecraft:adult": {
        "minecraft:experience_reward": {
          "on_death": "query.last_hit_by_player ? Math.Random(1,4) : 0"
        },
        "minecraft:loot": {
          "table": "loot_tables/entities/polar_bear.json"
        }
      },

      "minecraft:adult_wild": {
        "minecraft:on_target_acquired": {
          "event": "minecraft:on_anger",
          "target": "self"
        },
        "minecraft:on_friendly_anger": {
          "event": "minecraft:on_anger",
          "target": "self"
        },
        "minecraft:behavior.nearest_attackable_target": {
          "priority": 4,
          "entity_types": [
            {
              "filters": {
                "test": "is_family",
                "subject": "other",
                "value": "fox"
              },
              "max_dist": 16
            }
          ],
          "must_see": false
    },
	"minecraft:interact": {
          "interactions": [
		    {
		      "on_interact": {
			    "filters": {
			      "all_of": [
				    { "test": "has_equipment", "domain": "hand", "subject": "other", "value": "gu:catchmob" },
                    { "test" :  "is_family", "subject" : "other", "value" :  "player"}
                  ]
			    },
			    "event": "catch"
		      },
			  "interact_text": "action.interact.atrapar",
			  		"spawn_items": {
							"table": "loot_tables/catch.json"
						}
            },
		    {
		      "on_interact": {
			    "filters": {
			      "all_of": [
				    { "test": "has_equipment", "domain": "hand", "subject": "other", "value": "gu:catchmob2" },
                    { "test" :  "is_family", "subject" : "other", "value" :  "player"}
                  ]
			    },
			    "event": "catch2"
		      },
			  "interact_text": "action.interact.atrapar",
			  		"spawn_items": {
							"table": "loot_tables/catch2.json"
						}
            },
		    {
		      "on_interact": {
			    "filters": {
			      "all_of": [
				    { "test": "has_equipment", "domain": "hand", "subject": "other", "value": "gu:catchmob3" },
                    { "test" :  "is_family", "subject" : "other", "value" :  "player"}
                  ]
			    },
			    "event": "catch3"
		      },
			  "interact_text": "action.interact.atrapar",
			  		"spawn_items": {
							"table": "loot_tables/catch3.json"
						}
            },
		    {
		      "on_interact": {
			    "filters": {
			      "all_of": [
				    { "test": "has_equipment", "domain": "hand", "subject": "other", "value": "gu:catchmob4" },
                    { "test" :  "is_family", "subject" : "other", "value" :  "player"}
                  ]
			    },
			    "event": "catch4"
		      },
			  "interact_text": "action.interact.atrapar",
			  		"spawn_items": {
							"table": "loot_tables/catch4.json"
						}
            },
{
		      "on_interact": {
			    "filters": {
			      "all_of": [
				    { "test": "has_equipment", "domain": "hand", "subject": "other", "value": "gu:recolectadn" },
                    { "test" :  "is_family", "subject" : "other", "value" :  "player"}
                  ]
			    },
			    "event": "minecraft"
		      },
			  			  "use_item": true,
			  "interact_text": "action.interact.recolectar",
			  		"spawn_items": {
							"table": "loot_tables/adnpolar.json"
						}
            },
		    {
		      "on_interact": {
			    "filters": {
			      "all_of": [
				    { "test": "has_equipment", "domain": "hand", "subject": "other", "value": "gu:catchmob5" },
                    { "test" :  "is_family", "subject" : "other", "value" :  "player"}
                  ]
			    },
			    "event": "catch5"
		      },
			  "interact_text": "action.interact.atrapar",
			  		"spawn_items": {
							"table": "loot_tables/catch5.json"
						}
}
          ]
        }
      },
	   "catch": {
        "minecraft:spawn_entity": [
          {
            "min_wait_time": 0,
            "max_wait_time": 0,
            "spawn_entity": "gu:catch1",
            "spawn_event": "minecraft:entity",
            "single_use": true,
            "num_to_spawn": 1,
            "should_leash": false
          }
        ]
      },

	  "catch2": {
        "minecraft:spawn_entity": [
          {
            "min_wait_time": 0,
            "max_wait_time": 0,
            "spawn_entity": "gu:catch2",
            "spawn_event": "minecraft:entity",
            "single_use": true,
            "num_to_spawn": 1,
            "should_leash": false
          }
        ]
      },

	  "catch3": {
        "minecraft:spawn_entity": [
          {
            "min_wait_time": 0,
            "max_wait_time": 0,
            "spawn_entity": "gu:catch3",
            "spawn_event": "minecraft:entity",
            "single_use": true,
            "num_to_spawn": 1,
            "should_leash": false
          }
        ]
      },

	  "catch4": {
        "minecraft:spawn_entity": [
          {
            "min_wait_time": 0,
            "max_wait_time": 0,
            "spawn_entity": "gu:catch4",
            "spawn_event": "minecraft:entity",
            "single_use": true,
            "num_to_spawn": 1,
            "should_leash": false
          }
        ]
      },
	  "catch5": {
        "minecraft:spawn_entity": [
          {
            "min_wait_time": 0,
            "max_wait_time": 0,
            "spawn_entity": "gu:catch5",
            "spawn_event": "minecraft:entity",
            "single_use": true,
            "num_to_spawn": 1,
            "should_leash": false
          }
        ]
      },
      "minecraft:adult_hostile": {
        "minecraft:attack": {
          "damage": 6.0
        },
        "minecraft:angry": {
          "duration": 500,
          "broadcast_anger": false,
          "broadcast_range": 20,
          "calm_event": {
            "event": "minecraft:on_calm",
            "target": "self"
          }
        },

        "minecraft:behavior.stomp_attack": {
          "priority": 1,
          "track_target": true,
          "require_complete_path": true
        }
      }
    },

    "components": {
      "minecraft:type_family": {
        "family": [ "polarbear", "mob" ]
      },
      "minecraft:breathable": {
        "total_supply": 15,
        "suffocate_time": 0
      },
      "minecraft:nameable": {
      },
      "minecraft:health": {
        "value": 30
      },
      "minecraft:hurt_on_condition": {
        "damage_conditions": [
          {
            "filters": { "test": "in_lava", "subject": "self", "operator": "==", "value": true },
            "cause": "lava",
            "damage_per_tick": 4
          }
        ]
      },
      "minecraft:collision_box": {
        "width": 1.3,
        "height": 1.4
      },
      "minecraft:movement": {
        "value": 0.25
      },
      "minecraft:water_movement": {
        "drag_factor": 0.98
      },
      "minecraft:navigation.walk": {
        "can_path_over_water": true,
        "avoid_damage_blocks": true
      },
      "minecraft:movement.basic": {

      },
      "minecraft:jump.static": {
      },
      "minecraft:can_climb": {
      },
      "minecraft:follow_range": {
        "value": 48
      },

      "minecraft:behavior.float": {
        "priority": 0
      },
      "minecraft:behavior.hurt_by_target": {
        "priority": 1
      },
      "minecraft:behavior.random_stroll": {
        "priority": 5
      },
      "minecraft:behavior.look_at_player": {
        "priority": 6,
        "target_distance": 6.0,
        "probability": 0.02
      },
      "minecraft:behavior.random_look_around": {
        "priority": 7
      },
      "minecraft:physics": {
      },
      "minecraft:pushable": {
        "is_pushable": true,
        "is_pushable_by_piston": true
      },
      "minecraft:behavior.panic": {
        "priority": 2,
        "speed_multiplier": 2.0
      }
    },

    "events": {
      "catch": {
        "remove": {
        },
        "add": {
          "component_groups": [
            "catch"
          ]
        }
      },
"catch2": {
        "remove": {
        },
        "add": {
          "component_groups": [
            "catch2"
          ]
        }
      },
"catch3": {
        "remove": {
        },
        "add": {
          "component_groups": [
            "catch3"
          ]
        }
      },
"catch4": {
        "remove": {
        },
        "add": {
          "component_groups": [
            "catch4"
          ]
        }
      },
"catch5": {
        "remove": {
        },
        "add": {
          "component_groups": [
            "catch5"
          ]
        }
      },
      "minecraft:entity_spawned": {
        "randomize": [
          {
            "weight": 9,
            "add": {
              "component_groups": [
                "minecraft:adult",
                "minecraft:adult_wild"
              ]
            }
          },
          {
            "weight": 1,
            "add": {
              "component_groups": [
                "minecraft:baby",
                "minecraft:baby_wild"
              ]
            }
          }
        ]
      },

      "minecraft:entity_born": {
        "add": {
          "component_groups": [
            "minecraft:baby",
            "minecraft:baby_wild"
          ]
        }
      },

      "minecraft:ageable_grow_up": {
        "remove": {
          "component_groups": [
            "minecraft:baby",
            "minecraft:baby_wild",
            "minecraft:baby_scared"
          ]
        },
        "add": {
          "component_groups": [
            "minecraft:adult",
            "minecraft:adult_wild"
          ]
        }
      },

      "minecraft:on_calm": {
        "remove": {
          "component_groups": [
            "minecraft:adult_hostile"
          ]
        },
        "add": {
          "component_groups": [
            "minecraft:adult_wild"
          ]
        }
      },

      "minecraft:on_anger": {
        "remove": {
          "component_groups": [
            "minecraft:adult_wild"
          ]
        },
        "add": {
          "component_groups": [
            "minecraft:adult_hostile"
          ]
        }
      },

      "minecraft:baby_on_calm": {
        "remove": {
          "component_groups": [
            "minecraft:baby_scared"
          ]
        },
        "add": {
          "component_groups": [
            "minecraft:baby_wild"
          ]
        }
      },

      "minecraft:on_scared": {
        "remove": {
          "component_groups": [
            "minecraft:baby_wild"
          ]
        },
        "add": {
          "component_groups": [
            "minecraft:baby_scared"
          ]
        }
      }
    }
  }
}
