{
  "format_version": "1.13.0",
  "minecraft:entity": {
    "description": {
      "identifier": "minecraft:pufferfish",
      "is_spawnable": true,
      "is_summonable": true,
      "is_experimental": false
    },
    "component_groups": {
      "minecraft:normal_puff": {
        "minecraft:variant": {
          "value": 0
        },
        "minecraft:entity_sensor": {
          "sensor_range": 1.5,
          "minimum_count": 1,
          "event_filters": {
            "any_of": [
              { "test": "is_family", "subject": "other", "value": "mob" },
              { "all_of": [
                { "test": "is_family", "subject": "other", "value": "player" },
                { "none_of": 
                  { "test": "has_ability", "subject": "other", "value": "instabuild" } 
                }
              ]}
            ]
          },
          "event": "minecraft:to_full_puff"
        }
      },
      "minecraft:half_puff_inflate": {
        "minecraft:variant": {
          "value": 1
        },
        "minecraft:timer": {
          "looping": false,
          "time": 0.05,
          "randomInterval": false,
          "time_down_event": {
            "event": "minecraft:on_full_puff"
          }
        }
      },
      "minecraft:half_puff_deflate": {
        "minecraft:variant": {
          "value": 1
        },
        "minecraft:timer": {
          "looping": false,
          "time": 1,
          "randomInterval": false,
          "time_down_event": {
            "event": "minecraft:on_normal_puff"
          }
        }
      },
      "minecraft:start_deflate": {
        "minecraft:timer": {
          "looping": false,
          "time": 10,
          "randomInterval": false,
          "time_down_event": {
            "event": "minecraft:on_deflate"
          }
        }
      },
      "minecraft:full_puff": {
        "minecraft:variant": {
          "value": 2
        },
        "minecraft:area_attack" : {
          "damage_range": 0.2,
          "damage_per_tick": 2,
          "cause": "contact",
          "entity_filter": {
            "any_of": [
              { "test": "is_family", "subject": "other", "value": "player" },
              { "test": "is_family", "subject": "other", "value": "monster" }
            ]
          }
        },
        "minecraft:mob_effect": {
          "effect_range": 0.2,
          "mob_effect": "poison",
          "effect_time": 10,
          "entity_filter": {
            "any_of": [
              { "test": "is_family", "subject": "other", "value": "player" },
              { "test": "is_family", "subject": "other", "value": "monster" }
            ] 
          }
        }
      },
      "minecraft:deflate_sensor": {
        "minecraft:entity_sensor": {
          "sensor_range": 10,
          "require_all": true,
          "event_filters": {
            "none_of": [
              { "test": "is_family", "subject": "other", "value": "mob" },
              { "all_of": [
                { "test": "is_family", "subject": "other", "value": "player" },
                { "none_of": 
                  { "test": "has_ability", "subject": "other", "value": "instabuild" } 
                }
              ]}
            ]
          },
          "event": "minecraft:from_full_puff"
        }
      },
      	  "catch": {
        "minecraft:spawn_entity": [
          {
            "min_wait_time": 0,
            "max_wait_time": 0,
            "spawn_entity": "gu:catch1",
            "spawn_event": "minecraft:entity",
            "single_use": true,
            "num_to_spawn": 1,
            "should_leash": false
          }
        ]
      },

	  "catch2": {
        "minecraft:spawn_entity": [
          {
            "min_wait_time": 0,
            "max_wait_time": 0,
            "spawn_entity": "gu:catch2",
            "spawn_event": "minecraft:entity",
            "single_use": true,
            "num_to_spawn": 1,
            "should_leash": false
          }
        ]
      },

	  "catch3": {
        "minecraft:spawn_entity": [
          {
            "min_wait_time": 0,
            "max_wait_time": 0,
            "spawn_entity": "gu:catch3",
            "spawn_event": "minecraft:entity",
            "single_use": true,
            "num_to_spawn": 1,
            "should_leash": false
          }
        ]
      },

	  "catch4": {
        "minecraft:spawn_entity": [
          {
            "min_wait_time": 0,
            "max_wait_time": 0,
            "spawn_entity": "gu:catch4",
            "spawn_event": "minecraft:entity",
            "single_use": true,
            "num_to_spawn": 1,
            "should_leash": false
          }
        ]
      },
	  "catch5": {
        "minecraft:spawn_entity": [
          {
            "min_wait_time": 0,
            "max_wait_time": 0,
            "spawn_entity": "gu:catch5",
            "spawn_event": "minecraft:entity",
            "single_use": true,
            "num_to_spawn": 1,
            "should_leash": false
          }
        ]
      }
    },

    "components": {
      "minecraft:experience_reward": {
        "on_death": "query.last_hit_by_player ? Math.Random(1,3) : 0"
      },
      "minecraft:type_family": {
        "family": [ "pufferfish", "fish" ]
      },
      "minecraft:collision_box": {
        "width": 0.8,
        "height": 0.8
      },
      "minecraft:loot": {
        "table": "loot_tables/entities/pufferfish.json"
      },
      "minecraft:scale": {
        "value": 1.2
      },
      "minecraft:health": {
        "value": 6,
        "max": 6
      },
      "minecraft:hurt_on_condition": {
        "damage_conditions": [
          {
            "filters": { "test": "in_lava", "subject": "self", "operator": "==", "value": true },
            "cause": "lava",
            "damage_per_tick": 4
          }
        ]
      },
      "minecraft:breathable": {
        "total_supply": 15,
        "suffocate_time": 0,
        "breathes_air": false,
        "breathes_water": true
      },
      "minecraft:movement": {
        "value": 0.13
      },
      "minecraft:underwater_movement": {
        "value": 0.13
      },
      "minecraft:navigation.generic": { // Allows the mob to go through water
        "is_amphibious": false,
        "can_path_over_water": false,
        "can_swim": true,
        "can_walk": false,
        "can_breach": false,
        "can_sink": false
      },
      "minecraft:movement.sway": {
        "sway_amplitude": 0.0
      },
      "minecraft:behavior.random_swim": { // Randomly selects points to go to, even in water
        "priority": 3,
        "speed_multiplier": 1.0,
        "xz_dist": 16,
        "y_dist": 4,
        "interval": 0
      },
      "minecraft:behavior.swim_wander": {
        "priority": 5,
        "speed_multiplier": 1.0,
        "interval": 0,
        "look_ahead": 2.0
      },
      "minecraft:flocking": {
        "in_water": true,
        "match_variants": false,
        "use_center_of_mass": true,
        "low_flock_limit": 4,
        "high_flock_limit": 8,
        "goal_weight": 2.0,
        "loner_chance": 0.1,
        "influence_radius": 3.0,
        "breach_influence": 7.0,
        "separation_weight": 1.75,
        "separation_threshold": 0.95,
        "cohesion_weight": 2.0,
        "cohesion_threshold": 1.95,
        "innner_cohesion_threshold": 1.25,
        "min_height": 1.5,
        "max_height": 6.0,
        "block_distance": 2.0,
        "block_weight": 0.85
      },
      "minecraft:nameable": {
      },
      "minecraft:physics": {
        "has_gravity": false
      },
      "minecraft:pushable": {
        "is_pushable": true,
        "is_pushable_by_piston": true
      },
              	"minecraft:interact": {
          "interactions": [
		    {
		      "on_interact": {
			    "filters": {
			      "all_of": [
				    { "test": "has_equipment", "domain": "hand", "subject": "other", "value": "gu:catchmob" },
                    { "test" :  "is_family", "subject" : "other", "value" :  "player"}
                  ]
			    },
			    "event": "catch"
		      },
			  "interact_text": "action.interact.atrapar",
			  		"spawn_items": {
							"table": "loot_tables/catch.json"
						}
            },
		    {
		      "on_interact": {
			    "filters": {
			      "all_of": [
				    { "test": "has_equipment", "domain": "hand", "subject": "other", "value": "gu:catchmob2" },
                    { "test" :  "is_family", "subject" : "other", "value" :  "player"}
                  ]
			    },
			    "event": "catch2"
		      },
			  "interact_text": "action.interact.atrapar",
			  		"spawn_items": {
							"table": "loot_tables/catch2.json"
						}
            },
		    {
		      "on_interact": {
			    "filters": {
			      "all_of": [
				    { "test": "has_equipment", "domain": "hand", "subject": "other", "value": "gu:catchmob3" },
                    { "test" :  "is_family", "subject" : "other", "value" :  "player"}
                  ]
			    },
			    "event": "catch3"
		      },
			  "interact_text": "action.interact.atrapar",
			  		"spawn_items": {
							"table": "loot_tables/catch3.json"
						}
            },
		    {
		      "on_interact": {
			    "filters": {
			      "all_of": [
				    { "test": "has_equipment", "domain": "hand", "subject": "other", "value": "gu:catchmob4" },
                    { "test" :  "is_family", "subject" : "other", "value" :  "player"}
                  ]
			    },
			    "event": "catch4"
		      },
			  "interact_text": "action.interact.atrapar",
			  		"spawn_items": {
							"table": "loot_tables/catch4.json"
						}
            },
{
		      "on_interact": {
			    "filters": {
			      "all_of": [
				    { "test": "has_equipment", "domain": "hand", "subject": "other", "value": "gu:recolectadn" },
                    { "test" :  "is_family", "subject" : "other", "value" :  "player"}
                  ]
			    },
			    "event": "minecraft"
		      },
			  "use_item": true,
			  "interact_text": "Recolectar",
			  		"spawn_items": {
							"table": "loot_tables/adnpuffer.json"
						}
            },
		    {
		      "on_interact": {
			    "filters": {
			      "all_of": [
				    { "test": "has_equipment", "domain": "hand", "subject": "other", "value": "gu:catchmob5" },
                    { "test" :  "is_family", "subject" : "other", "value" :  "player"}
                  ]
			    },
			    "event": "catch5"
		      },
			  "interact_text": "action.interact.atrapar",
			  		"spawn_items": {
							"table": "loot_tables/catch5.json"
						}
            }
            ]
	}
    },

    "events": {
              "catch": {
        "remove": {
        },
        "add": {
          "component_groups": [
            "catch"
          ]
        }
      },
"catch2": {
        "remove": {
        },
        "add": {
          "component_groups": [
            "catch2"
          ]
        }
      },
"catch3": {
        "remove": {
        },
        "add": {
          "component_groups": [
            "catch3"
          ]
        }
      },
"catch4": {
        "remove": {
        },
        "add": {
          "component_groups": [
            "catch4"
          ]
        }
      },
"catch5": {
        "remove": {
        },
        "add": {
          "component_groups": [
            "catch5"
          ]
        }
      },
      "minecraft:entity_spawned": {
        "add": {
          "component_groups": [ "minecraft:normal_puff" ]
        }
      },

      "minecraft:to_full_puff": {
        "add": { "component_groups": [ "minecraft:half_puff_inflate" ] },
        "remove": { "component_groups": [ "minecraft:normal_puff" ] }
      },
      
      "minecraft:on_full_puff": {
        "add": { "component_groups": [ "minecraft:full_puff", "minecraft:deflate_sensor" ] },
        "remove": { "component_groups": [ "minecraft:half_puff_inflate" ] }
      },

      "minecraft:from_full_puff": {
        "add": { "component_groups": [ "minecraft:start_deflate" ] },
        "remove": { "component_groups": [ "minecraft:deflate_sensor" ] }
      },

      "minecraft:on_deflate": {
        "add": { "component_groups": [ "minecraft:half_puff_deflate" ] },
        "remove": { "component_groups": [ "minecraft:full_puff", "minecraft:start_deflate" ] }
      },

      "minecraft:on_normal_puff": {
        "add": { "component_groups": [ "minecraft:normal_puff" ] },
        "remove": { "component_groups": [ "minecraft:half_puff_deflate" ] }
      }
    }
  }
}