{
	"format_version": "1.16.100",
	"minecraft:item": {
		"description": {
			"identifier": "gu:diamond_string",
			"category": "items"
		},
		"components": {
			"minecraft:use_duration": 0,
			"minecraft:max_stack_size": 64,
			      "minecraft:hand_equipped": false,
			"minecraft:durability": {
				"max_durability": 100
			},
			"minecraft:creative_category": {
				"parent": "items"
			},
			"minecraft:icon": {
				"texture": "diamond_string"
			},
						                        "minecraft:display_name": { "value": "diamond_string"}
		},
		"events": {
		}
	}
}