{
	"format_version": "1.12.0",
	"minecraft:geometry": [
		{
			"description": {
				"identifier": "geometry.Bomb",
				"texture_width": 64,
				"texture_height": 64,
				"visible_bounds_width": 2,
				"visible_bounds_height": 1.5,
				"visible_bounds_offset": [0, 0.25, 0]
			},
			"bones": [
				{
					"name": "bb_main",
					"pivot": [0, 0, 0],
					"cubes": [
						{"origin": [-5, 0, -6], "size": [10, 1, 11], "uv": [0, 0]},
						{"origin": [-3, 1, 0], "size": [1, 1, 3], "pivot": [0, 0, 0], "rotation": [0, 90, 0], "uv": [0, 13]}
					]
				},
				{
					"name": "hexadecagon",
					"pivot": [0, 0, 0],
					"rotation": [0, 0, 17.5]
				},
				{
					"name": "hexadecagon",
					"pivot": [-12, -9, -6],
					"rotation": [0, 0, 90],
					"cubes": [
						{"origin": [-23, -0.1, 2.49727], "size": [1, 0.2, 1.00547], "pivot": [-21, 0, 3], "rotation": [45, 0, 0], "uv": [13, 17]},
						{"origin": [-23, -0.1, 2.49727], "size": [1, 0.2, 1.00547], "pivot": [-21, 0, 3], "rotation": [22.5, 0, 0], "uv": [13, 15]},
						{"origin": [-23, -0.1, 2.49727], "size": [1, 0.2, 1.00547], "uv": [8, 15]},
						{"origin": [-23, -0.1, 2.49727], "size": [1, 0.2, 1.00547], "pivot": [-21, 0, 3], "rotation": [-22.5, 0, 0], "uv": [0, 15]},
						{"origin": [-23, -0.1, 2.49727], "size": [1, 0.2, 1.00547], "pivot": [-21, 0, 3], "rotation": [-45, 0, 0], "uv": [13, 13]},
						{"origin": [-23, -0.50273, 2.9], "size": [1, 1.00547, 0.2], "pivot": [-21, 0, 3], "rotation": [22.5, 0, 0], "uv": [13, 19]},
						{"origin": [-23, -0.50273, 2.9], "size": [1, 1.00547, 0.2], "uv": [18, 15]},
						{"origin": [-23, -0.50273, 2.9], "size": [1, 1.00547, 0.2], "pivot": [-21, 0, 3], "rotation": [-22.5, 0, 0], "uv": [18, 13]}
					]
				},
				{
					"name": "hexadecagon2",
					"pivot": [-10, -9, -6],
					"rotation": [0, 0, 90],
					"cubes": [
						{"origin": [-21, -0.1, 2.49727], "size": [1, 0.2, 1.00547], "pivot": [-19, 0, 3], "rotation": [45, 0, 0], "uv": [8, 13]},
						{"origin": [-21, -0.1, 2.49727], "size": [1, 0.2, 1.00547], "pivot": [-19, 0, 3], "rotation": [22.5, 0, 0], "uv": [0, 13]},
						{"origin": [-21, -0.1, 2.49727], "size": [1, 0.2, 1.00547], "uv": [6, 9]},
						{"origin": [-21, -0.1, 2.49727], "size": [1, 0.2, 1.00547], "pivot": [-19, 0, 3], "rotation": [-22.5, 0, 0], "uv": [5, 0]},
						{"origin": [-21, -0.1, 2.49727], "size": [1, 0.2, 1.00547], "pivot": [-19, 0, 3], "rotation": [-45, 0, 0], "uv": [5, 5]},
						{"origin": [-21, -0.50273, 2.9], "size": [1, 1.00547, 0.2], "pivot": [-19, 0, 3], "rotation": [22.5, 0, 0], "uv": [18, 18]},
						{"origin": [-21, -0.50273, 2.9], "size": [1, 1.00547, 0.2], "uv": [7, 2]},
						{"origin": [-21, -0.50273, 2.9], "size": [1, 1.00547, 0.2], "pivot": [-19, 0, 3], "rotation": [-22.5, 0, 0], "uv": [7, 7]},
						{"origin": [-21, -2, -4], "size": [1, 2, 2], "uv": [0, 5]},
						{"origin": [-21, 1, -4], "size": [1, 2, 2], "uv": [0, 0]}
					]
				}
			]
		}
	]
}