{
	"format_version": "1.12.0",
	"minecraft:geometry": [
		{
			"description": {
				"identifier": "geometry.Cannon9",
				"texture_width": 128,
				"texture_height": 128,
				"visible_bounds_width": 3,
				"visible_bounds_height": 2.5,
				"visible_bounds_offset": [0, 0.75, 0]
			},
			"bones": [
				{
					"name": "hexadecagon",
					"pivot": [17, 1, -9],
					"cubes": [
						{"origin": [-7, 0, -6], "size": [14, 3, 12], "uv": [54, 2]},
						{"origin": [-6, 3, -5], "size": [12, 2, 10], "uv": [36, 68]}
					]
				},
				{
					"name": "hexadecagon",
					"pivot": [9, 0, 0],
					"rotation": [0, -90, 0],
					"cubes": [
						{"origin": [-2, 7.8, 2.96719], "size": [21, 2.4, 12.06561], "pivot": [0, 9, 9], "rotation": [45, 0, 0], "uv": [54, 54]},
						{"origin": [-2, 7.8, 2.96719], "size": [21, 2.4, 12.06561], "pivot": [0, 9, 9], "rotation": [22.5, 0, 0], "uv": [0, 42]},
						{"origin": [-2, 7.8, 2.96719], "size": [21, 2.4, 12.06561], "uv": [0, 28]},
						{"origin": [-2, 7.8, 2.96719], "size": [21, 2.4, 12.06561], "pivot": [0, 9, 9], "rotation": [-22.5, 0, 0], "uv": [0, 14]},
						{"origin": [-2, 7.8, 2.96719], "size": [21, 2.4, 12.06561], "pivot": [0, 9, 9], "rotation": [-45, 0, 0], "uv": [0, 0]},
						{"origin": [-2, 2.96719, 7.8], "size": [21, 12.06561, 2.4], "pivot": [0, 9, 9], "rotation": [22.5, 0, 0], "uv": [64, 40]},
						{"origin": [-2, 2.96719, 7.8], "size": [21, 12.06561, 2.4], "uv": [64, 26]},
						{"origin": [-2, 2.96719, 7.8], "size": [21, 12.06561, 2.4], "pivot": [0, 9, 9], "rotation": [-22.5, 0, 0], "uv": [0, 56]}
					]
				}
			]
		}
	]
}