{
	"format_version": "1.12.0",
	"minecraft:geometry": [
		{
			"description": {
				"identifier": "geometry.Firee",
				"texture_width": 128,
				"texture_height": 128,
				"visible_bounds_width": 2,
				"visible_bounds_height": 2.5,
				"visible_bounds_offset": [0, 0.75, 0]
			},
			"bones": [
				{
					"name": "hexadecagon",
					"pivot": [-7, 3, -8],
					"rotation": [0, 0, 90],
					"cubes": [
						{"origin": [-14.5, 9.15, -5.27324], "size": [10, 1.7, 8.54648], "pivot": [-14, 10, -1], "rotation": [45, 0, 0], "uv": [29, 2]},
						{"origin": [-14.5, 9.15, -5.27324], "size": [10, 1.7, 8.54648], "pivot": [-14, 10, -1], "rotation": [22.5, 0, 0], "uv": [29, 29]},
						{"origin": [-14.5, 9.15, -5.27324], "size": [10, 1.7, 8.54648], "uv": [0, 20]},
						{"origin": [-14.5, 9.15, -5.27324], "size": [10, 1.7, 8.54648], "pivot": [-14, 10, -1], "rotation": [-22.5, 0, 0], "uv": [0, 10]},
						{"origin": [-14.5, 9.15, -5.27324], "size": [10, 1.7, 8.54648], "pivot": [-14, 10, -1], "rotation": [-45, 0, 0], "uv": [0, 0]},
						{"origin": [-14.5, 5.72676, -1.85], "size": [10, 8.54648, 1.7], "pivot": [-14, 10, -1], "rotation": [22.5, 0, 0], "uv": [22, 39]},
						{"origin": [-14.5, 5.72676, -1.85], "size": [10, 8.54648, 1.7], "uv": [37, 12]},
						{"origin": [-14.5, 5.72676, -1.85], "size": [10, 8.54648, 1.7], "pivot": [-14, 10, -1], "rotation": [-22.5, 0, 0], "uv": [0, 30]},
						{"origin": [-20, 9, -2], "size": [7, 2, 2], "uv": [29, 22]},
						{"origin": [-21, 8, -3], "size": [1, 4, 4], "uv": [0, 40]},
						{"origin": [-22, 9, -2], "size": [1, 2, 2], "uv": [0, 0]},
						{"origin": [-23, 10, -1], "size": [1, 1, 1], "uv": [0, 5]}
					]
				}
			]
		}
	]
}