{
  "format_version": "1.12.0",
  "minecraft:geometry": [
    {
      "description": {
        "identifier": "geometry.def_cannon",
        "texture_width": 256,
        "texture_height": 256,
        "visible_bounds_width": 4,
        "visible_bounds_height": 3,
        "visible_bounds_offset": [
          0,
          0.5,
          0
        ]
      },
      "bones": [
        {
          "name": "body",
          "pivot": [
            0,
            0,
            0
          ],
          "cubes": [
            {
              "origin": [
                -1.0,
                0.0,
                -7.0
              ],
              "size": [
                1.0,
                1.0,
                14.0
              ],
              "rotation": [
                0.0,
                0.0,
                0.0
              ],
              "uv": [
                51,
                83
              ],
              "inflate": 0
            },
            {
              "origin": [
                -1.0,
                0.0,
                -7.0
              ],
              "size": [
                1.0,
                1.0,
                14.0
              ],
              "pivot": [
                0.0,
                0.0,
                0.0
              ],
              "rotation": [
                0.0,
                -7.5,
                0.0
              ],
              "uv": [
                17,
                82
              ],
              "inflate": 0
            },
            {
              "origin": [
                -1.0,
                0.0,
                -7.0
              ],
              "size": [
                1.0,
                1.0,
                14.0
              ],
              "pivot": [
                0.0,
                0.0,
                0.0
              ],
              "rotation": [
                0.0,
                -15.0,
                0.0
              ],
              "uv": [
                68,
                80
              ],
              "inflate": 0
            },
            {
              "origin": [
                -1.0,
                0.0,
                -7.0
              ],
              "size": [
                1.0,
                1.0,
                14.0
              ],
              "pivot": [
                0.0,
                0.0,
                0.0
              ],
              "rotation": [
                0.0,
                -22.5,
                0.0
              ],
              "uv": [
                34,
                80
              ],
              "inflate": 0
            },
            {
              "origin": [
                -1.0,
                0.0,
                -7.0
              ],
              "size": [
                1.0,
                1.0,
                14.0
              ],
              "pivot": [
                0.0,
                0.0,
                0.0
              ],
              "rotation": [
                0.0,
                -22.5,
                0.0
              ],
              "uv": [
                0,
                80
              ],
              "inflate": 0
            },
            {
              "origin": [
                -1.0,
                0.0,
                -7.0
              ],
              "size": [
                1.0,
                1.0,
                14.0
              ],
              "pivot": [
                0.0,
                0.0,
                0.0
              ],
              "rotation": [
                0.0,
                -30.0,
                0.0
              ],
              "uv": [
                68,
                64
              ],
              "inflate": 0
            },
            {
              "origin": [
                -1.0,
                0.0,
                -7.0
              ],
              "size": [
                1.0,
                1.0,
                14.0
              ],
              "pivot": [
                0.0,
                0.0,
                0.0
              ],
              "rotation": [
                0.0,
                -37.5,
                0.0
              ],
              "uv": [
                68,
                48
              ],
              "inflate": 0
            },
            {
              "origin": [
                -1.0,
                0.0,
                -7.0
              ],
              "size": [
                1.0,
                1.0,
                14.0
              ],
              "pivot": [
                0.0,
                0.0,
                0.0
              ],
              "rotation": [
                0.0,
                -45.0,
                0.0
              ],
              "uv": [
                68,
                32
              ],
              "inflate": 0
            },
            {
              "origin": [
                -1.0,
                0.0,
                -7.0
              ],
              "size": [
                1.0,
                1.0,
                14.0
              ],
              "pivot": [
                0.0,
                0.0,
                0.0
              ],
              "rotation": [
                0.0,
                -50.0,
                0.0
              ],
              "uv": [
                68,
                16
              ],
              "inflate": 0
            },
            {
              "origin": [
                -1.0,
                0.0,
                -7.0
              ],
              "size": [
                1.0,
                1.0,
                14.0
              ],
              "pivot": [
                0.0,
                0.0,
                0.0
              ],
              "rotation": [
                0.0,
                -57.5,
                0.0
              ],
              "uv": [
                68,
                0
              ],
              "inflate": 0
            },
            {
              "origin": [
                -1.0,
                0.0,
                -7.0
              ],
              "size": [
                1.0,
                1.0,
                14.0
              ],
              "pivot": [
                0.0,
                0.0,
                0.0
              ],
              "rotation": [
                0.0,
                -65.0,
                0.0
              ],
              "uv": [
                51,
                67
              ],
              "inflate": 0
            },
            {
              "origin": [
                -1.0,
                0.0,
                -7.0
              ],
              "size": [
                1.0,
                1.0,
                14.0
              ],
              "pivot": [
                0.0,
                0.0,
                0.0
              ],
              "rotation": [
                0.0,
                -72.5,
                0.0
              ],
              "uv": [
                17,
                66
              ],
              "inflate": 0
            },
            {
              "origin": [
                -1.0,
                0.0,
                -7.0
              ],
              "size": [
                1.0,
                1.0,
                14.0
              ],
              "pivot": [
                0.0,
                0.0,
                0.0
              ],
              "rotation": [
                0.0,
                -80.0,
                0.0
              ],
              "uv": [
                34,
                64
              ],
              "inflate": 0
            },
            {
              "origin": [
                -1.0,
                0.0,
                -7.0
              ],
              "size": [
                1.0,
                1.0,
                14.0
              ],
              "pivot": [
                0.0,
                0.0,
                0.0
              ],
              "rotation": [
                0.0,
                -85.0,
                0.0
              ],
              "uv": [
                0,
                64
              ],
              "inflate": 0
            },
            {
              "origin": [
                -1.0,
                0.0,
                -7.0
              ],
              "size": [
                1.0,
                1.0,
                14.0
              ],
              "pivot": [
                0.0,
                0.0,
                0.0
              ],
              "rotation": [
                0.0,
                -90.0,
                0.0
              ],
              "uv": [
                51,
                34
              ],
              "inflate": 0
            },
            {
              "origin": [
                -1.0,
                0.0,
                -7.0
              ],
              "size": [
                1.0,
                1.0,
                14.0
              ],
              "pivot": [
                0.0,
                0.0,
                0.0
              ],
              "rotation": [
                0.0,
                -97.5,
                0.0
              ],
              "uv": [
                51,
                18
              ],
              "inflate": 0
            },
            {
              "origin": [
                -1.0,
                0.0,
                -7.0
              ],
              "size": [
                1.0,
                1.0,
                14.0
              ],
              "pivot": [
                0.0,
                0.0,
                0.0
              ],
              "rotation": [
                0.0,
                -105.0,
                0.0
              ],
              "uv": [
                51,
                2
              ],
              "inflate": 0
            },
            {
              "origin": [
                -1.0,
                0.0,
                -7.0
              ],
              "size": [
                1.0,
                1.0,
                14.0
              ],
              "pivot": [
                0.0,
                0.0,
                0.0
              ],
              "rotation": [
                0.0,
                -112.5,
                0.0
              ],
              "uv": [
                51,
                51
              ],
              "inflate": 0
            },
            {
              "origin": [
                -1.0,
                0.0,
                -7.0
              ],
              "size": [
                1.0,
                1.0,
                14.0
              ],
              "pivot": [
                0.0,
                0.0,
                0.0
              ],
              "rotation": [
                0.0,
                -120.0,
                0.0
              ],
              "uv": [
                17,
                50
              ],
              "inflate": 0
            },
            {
              "origin": [
                -1.0,
                0.0,
                -7.0
              ],
              "size": [
                1.0,
                1.0,
                14.0
              ],
              "pivot": [
                0.0,
                0.0,
                0.0
              ],
              "rotation": [
                0.0,
                -127.5,
                0.0
              ],
              "uv": [
                34,
                48
              ],
              "inflate": 0
            },
            {
              "origin": [
                -1.0,
                0.0,
                -7.0
              ],
              "size": [
                1.0,
                1.0,
                14.0
              ],
              "pivot": [
                0.0,
                0.0,
                0.0
              ],
              "rotation": [
                0.0,
                -135.0,
                0.0
              ],
              "uv": [
                0,
                48
              ],
              "inflate": 0
            },
            {
              "origin": [
                -1.0,
                0.0,
                -7.0
              ],
              "size": [
                1.0,
                1.0,
                14.0
              ],
              "pivot": [
                0.0,
                0.0,
                0.0
              ],
              "rotation": [
                0.0,
                -140.0,
                0.0
              ],
              "uv": [
                34,
                32
              ],
              "inflate": 0
            },
            {
              "origin": [
                -1.0,
                1.0,
                -5.0
              ],
              "size": [
                1.0,
                1.0,
                10.0
              ],
              "pivot": [
                0.0,
                0.0,
                0.0
              ],
              "rotation": [
                0.0,
                -140.0,
                0.0
              ],
              "uv": [
                113,
                40
              ],
              "inflate": 0
            },
            {
              "origin": [
                -1.0,
                1.0,
                -5.0
              ],
              "size": [
                1.0,
                1.0,
                10.0
              ],
              "pivot": [
                0.0,
                0.0,
                0.0
              ],
              "rotation": [
                0.0,
                -147.5,
                0.0
              ],
              "uv": [
                113,
                28
              ],
              "inflate": 0
            },
            {
              "origin": [
                -1.0,
                1.0,
                -5.0
              ],
              "size": [
                1.0,
                1.0,
                10.0
              ],
              "pivot": [
                0.0,
                0.0,
                0.0
              ],
              "rotation": [
                0.0,
                -132.5,
                0.0
              ],
              "uv": [
                24,
                112
              ],
              "inflate": 0
            },
            {
              "origin": [
                -1.0,
                1.0,
                -5.0
              ],
              "size": [
                1.0,
                1.0,
                10.0
              ],
              "pivot": [
                0.0,
                0.0,
                0.0
              ],
              "rotation": [
                0.0,
                -125.0,
                0.0
              ],
              "uv": [
                77,
                111
              ],
              "inflate": 0
            },
            {
              "origin": [
                -1.0,
                1.0,
                -5.0
              ],
              "size": [
                1.0,
                1.0,
                10.0
              ],
              "pivot": [
                0.0,
                0.0,
                0.0
              ],
              "rotation": [
                0.0,
                -117.5,
                0.0
              ],
              "uv": [
                50,
                111
              ],
              "inflate": 0
            },
            {
              "origin": [
                -1.0,
                1.0,
                -5.0
              ],
              "size": [
                1.0,
                1.0,
                10.0
              ],
              "pivot": [
                0.0,
                0.0,
                0.0
              ],
              "rotation": [
                0.0,
                -107.5,
                0.0
              ],
              "uv": [
                11,
                110
              ],
              "inflate": 0
            },
            {
              "origin": [
                -1.0,
                1.0,
                -5.0
              ],
              "size": [
                1.0,
                1.0,
                10.0
              ],
              "pivot": [
                0.0,
                0.0,
                0.0
              ],
              "rotation": [
                0.0,
                -97.5,
                0.0
              ],
              "uv": [
                64,
                108
              ],
              "inflate": 0
            },
            {
              "origin": [
                -1.0,
                1.0,
                -5.0
              ],
              "size": [
                1.0,
                1.0,
                10.0
              ],
              "pivot": [
                0.0,
                0.0,
                0.0
              ],
              "rotation": [
                0.0,
                -87.5,
                0.0
              ],
              "uv": [
                37,
                108
              ],
              "inflate": 0
            },
            {
              "origin": [
                -1.0,
                1.0,
                -5.0
              ],
              "size": [
                1.0,
                1.0,
                10.0
              ],
              "pivot": [
                0.0,
                0.0,
                0.0
              ],
              "rotation": [
                0.0,
                -80.0,
                0.0
              ],
              "uv": [
                106,
                93
              ],
              "inflate": 0
            },
            {
              "origin": [
                -1.0,
                1.0,
                -5.0
              ],
              "size": [
                1.0,
                1.0,
                10.0
              ],
              "pivot": [
                0.0,
                0.0,
                0.0
              ],
              "rotation": [
                0.0,
                -70.0,
                0.0
              ],
              "uv": [
                106,
                106
              ],
              "inflate": 0
            },
            {
              "origin": [
                -1.0,
                1.0,
                -5.0
              ],
              "size": [
                1.0,
                1.0,
                10.0
              ],
              "pivot": [
                0.0,
                0.0,
                0.0
              ],
              "rotation": [
                0.0,
                -60.0,
                0.0
              ],
              "uv": [
                104,
                81
              ],
              "inflate": 0
            },
            {
              "origin": [
                -1.0,
                1.0,
                -5.0
              ],
              "size": [
                1.0,
                1.0,
                10.0
              ],
              "pivot": [
                0.0,
                0.0,
                0.0
              ],
              "rotation": [
                0.0,
                -37.5,
                0.0
              ],
              "uv": [
                104,
                16
              ],
              "inflate": 0
            },
            {
              "origin": [
                -1.0,
                1.0,
                -5.0
              ],
              "size": [
                1.0,
                1.0,
                10.0
              ],
              "pivot": [
                0.0,
                0.0,
                0.0
              ],
              "rotation": [
                0.0,
                -47.5,
                0.0
              ],
              "uv": [
                104,
                2
              ],
              "inflate": 0
            },
            {
              "origin": [
                -1.0,
                1.0,
                -5.0
              ],
              "size": [
                1.0,
                1.0,
                10.0
              ],
              "pivot": [
                0.0,
                0.0,
                0.0
              ],
              "rotation": [
                0.0,
                -30.0,
                0.0
              ],
              "uv": [
                100,
                64
              ],
              "inflate": 0
            },
            {
              "origin": [
                -1.0,
                1.0,
                -5.0
              ],
              "size": [
                1.0,
                1.0,
                10.0
              ],
              "pivot": [
                0.0,
                0.0,
                0.0
              ],
              "rotation": [
                0.0,
                -17.5,
                0.0
              ],
              "uv": [
                100,
                48
              ],
              "inflate": 0
            },
            {
              "origin": [
                -1.0,
                1.0,
                -5.0
              ],
              "size": [
                1.0,
                1.0,
                10.0
              ],
              "pivot": [
                0.0,
                0.0,
                0.0
              ],
              "rotation": [
                0.0,
                -7.5,
                0.0
              ],
              "uv": [
                100,
                34
              ],
              "inflate": 0
            },
            {
              "origin": [
                -1.0,
                1.0,
                -5.0
              ],
              "size": [
                1.0,
                1.0,
                10.0
              ],
              "pivot": [
                0.0,
                0.0,
                0.0
              ],
              "rotation": [
                0.0,
                2.5,
                0.0
              ],
              "uv": [
                24,
                100
              ],
              "inflate": 0
            },
            {
              "origin": [
                -1.0,
                1.0,
                -5.0
              ],
              "size": [
                1.0,
                1.0,
                10.0
              ],
              "pivot": [
                0.0,
                0.0,
                0.0
              ],
              "rotation": [
                0.0,
                12.5,
                0.0
              ],
              "uv": [
                51,
                99
              ],
              "inflate": 0
            },
            {
              "origin": [
                -1.0,
                1.0,
                -5.0
              ],
              "size": [
                1.0,
                1.0,
                10.0
              ],
              "pivot": [
                0.0,
                0.0,
                0.0
              ],
              "rotation": [
                0.0,
                27.5,
                0.0
              ],
              "uv": [
                11,
                98
              ],
              "inflate": 0
            },
            {
              "origin": [
                -1.0,
                1.0,
                -5.0
              ],
              "size": [
                1.0,
                1.0,
                10.0
              ],
              "pivot": [
                0.0,
                0.0,
                0.0
              ],
              "rotation": [
                0.0,
                20.0,
                0.0
              ],
              "uv": [
                72,
                96
              ],
              "inflate": 0
            },
            {
              "origin": [
                -1.0,
                1.0,
                -5.0
              ],
              "size": [
                1.0,
                1.0,
                10.0
              ],
              "pivot": [
                0.0,
                0.0,
                0.0
              ],
              "rotation": [
                0.0,
                35.0,
                0.0
              ],
              "uv": [
                38,
                96
              ],
              "inflate": 0
            },
            {
              "origin": [
                -3.0,
                2.0,
                -3.0
              ],
              "size": [
                6.0,
                3.0,
                6.0
              ],
              "pivot": [
                0.0,
                0.0,
                0.0
              ],
              "rotation": [
                0.0,
                5.0,
                0.0
              ],
              "uv": [
                85,
                64
              ],
              "inflate": 0
            },
            {
              "origin": [
                -2.0,
                2.0,
                -4.0
              ],
              "size": [
                4.0,
                3.0,
                8.0
              ],
              "pivot": [
                0.0,
                0.0,
                0.0
              ],
              "rotation": [
                0.0,
                5.0,
                0.0
              ],
              "uv": [
                85,
                32
              ],
              "inflate": 0
            },
            {
              "origin": [
                -4.0,
                2.0,
                -2.0
              ],
              "size": [
                8.0,
                3.0,
                4.0
              ],
              "pivot": [
                0.0,
                0.0,
                0.0
              ],
              "rotation": [
                0.0,
                5.0,
                0.0
              ],
              "uv": [
                113,
                60
              ],
              "inflate": 0
            },
            {
              "origin": [
                -1.0,
                0.0,
                -7.0
              ],
              "size": [
                1.0,
                1.0,
                14.0
              ],
              "pivot": [
                0.0,
                0.0,
                0.0
              ],
              "rotation": [
                0.0,
                -147.5,
                0.0
              ],
              "uv": [
                34,
                16
              ],
              "inflate": 0
            },
            {
              "origin": [
                -1.0,
                0.0,
                -7.0
              ],
              "size": [
                1.0,
                1.0,
                14.0
              ],
              "pivot": [
                0.0,
                0.0,
                0.0
              ],
              "rotation": [
                0.0,
                -155.0,
                0.0
              ],
              "uv": [
                34,
                0
              ],
              "inflate": 0
            },
            {
              "origin": [
                -1.0,
                0.0,
                -7.0
              ],
              "size": [
                1.0,
                1.0,
                14.0
              ],
              "pivot": [
                0.0,
                0.0,
                0.0
              ],
              "rotation": [
                0.0,
                -155.0,
                0.0
              ],
              "uv": [
                17,
                34
              ],
              "inflate": 0
            },
            {
              "origin": [
                -1.0,
                0.0,
                -7.0
              ],
              "size": [
                1.0,
                1.0,
                14.0
              ],
              "pivot": [
                0.0,
                0.0,
                0.0
              ],
              "rotation": [
                0.0,
                -160.0,
                0.0
              ],
              "uv": [
                0,
                32
              ],
              "inflate": 0
            },
            {
              "origin": [
                -1.0,
                0.0,
                -7.0
              ],
              "size": [
                1.0,
                1.0,
                14.0
              ],
              "pivot": [
                0.0,
                0.0,
                0.0
              ],
              "rotation": [
                0.0,
                -165.0,
                0.0
              ],
              "uv": [
                17,
                18
              ],
              "inflate": 0
            },
            {
              "origin": [
                -1.0,
                0.0,
                -7.0
              ],
              "size": [
                1.0,
                1.0,
                14.0
              ],
              "pivot": [
                0.0,
                0.0,
                0.0
              ],
              "rotation": [
                0.0,
                -170.0,
                0.0
              ],
              "uv": [
                17,
                2
              ],
              "inflate": 0
            },
            {
              "origin": [
                -1.0,
                0.0,
                -7.0
              ],
              "size": [
                1.0,
                1.0,
                14.0
              ],
              "pivot": [
                0.0,
                0.0,
                0.0
              ],
              "rotation": [
                0.0,
                -175.0,
                0.0
              ],
              "uv": [
                0,
                16
              ],
              "inflate": 0
            },
            {
              "origin": [
                -1.0,
                0.0,
                -7.0
              ],
              "size": [
                1.0,
                1.0,
                14.0
              ],
              "pivot": [
                0.0,
                0.0,
                0.0
              ],
              "rotation": [
                0.0,
                177.5,
                0.0
              ],
              "uv": [
                0,
                0
              ],
              "inflate": 0
            }
          ],
          "rotation": [
            0,
            0,
            0
          ],
          "bind_pose_rotation": [
            0,
            0,
            0
          ]
        },
        {
          "name": "head",
          "pivot": [
            0,
            -6,
            10
          ],
          "cubes": [
            {
              "origin": [
                -2.0,
                -3.0,
                22.0
              ],
              "size": [
                4.0,
                1.0,
                8.0
              ],
              "rotation": [
                0.0,
                0.0,
                0.0
              ],
              "uv": [
                85,
                48
              ],
              "inflate": 0
            },
            {
              "origin": [
                -2.0,
                0.0,
                21.0
              ],
              "size": [
                4.0,
                1.0,
                10.0
              ],
              "rotation": [
                0.0,
                0.0,
                0.0
              ],
              "uv": [
                85,
                0
              ],
              "inflate": 0
            },
            {
              "origin": [
                -2.0,
                -2.0,
                30.0
              ],
              "size": [
                4.0,
                21.0,
                1.0
              ],
              "rotation": [
                0.0,
                0.0,
                0.0
              ],
              "uv": [
                117,
                118
              ],
              "inflate": 0
            },
            {
              "origin": [
                -2.0,
                -2.0,
                21.0
              ],
              "size": [
                4.0,
                21.0,
                1.0
              ],
              "rotation": [
                0.0,
                0.0,
                0.0
              ],
              "uv": [
                106,
                118
              ],
              "inflate": 0
            },
            {
              "origin": [
                2.0,
                -3.0,
                23.0
              ],
              "size": [
                1.0,
                1.0,
                6.0
              ],
              "rotation": [
                0.0,
                0.0,
                0.0
              ],
              "uv": [
                117,
                78
              ],
              "inflate": 0
            },
            {
              "origin": [
                -3.0,
                -3.0,
                23.0
              ],
              "size": [
                1.0,
                1.0,
                6.0
              ],
              "rotation": [
                0.0,
                0.0,
                0.0
              ],
              "uv": [
                117,
                14
              ],
              "inflate": 0
            },
            {
              "origin": [
                -4.0,
                -3.0,
                24.0
              ],
              "size": [
                8.0,
                1.0,
                4.0
              ],
              "rotation": [
                0.0,
                0.0,
                0.0
              ],
              "uv": [
                113,
                52
              ],
              "inflate": 0
            },
            {
              "origin": [
                -3.0,
                -4.0,
                24.0
              ],
              "size": [
                6.0,
                1.0,
                4.0
              ],
              "rotation": [
                0.0,
                0.0,
                0.0
              ],
              "uv": [
                102,
                28
              ],
              "inflate": 0
            },
            {
              "origin": [
                -2.0,
                -4.0,
                23.0
              ],
              "size": [
                4.0,
                1.0,
                6.0
              ],
              "rotation": [
                0.0,
                0.0,
                0.0
              ],
              "uv": [
                93,
                76
              ],
              "inflate": 0
            },
            {
              "origin": [
                -2.0,
                -2.0,
                22.0
              ],
              "size": [
                1.0,
                1.0,
                8.0
              ],
              "rotation": [
                0.0,
                0.0,
                0.0
              ],
              "uv": [
                117,
                0
              ],
              "inflate": 0
            },
            {
              "origin": [
                -3.0,
                -2.0,
                22.0
              ],
              "size": [
                6.0,
                1.0,
                8.0
              ],
              "rotation": [
                0.0,
                0.0,
                0.0
              ],
              "uv": [
                85,
                16
              ],
              "inflate": 0
            },
            {
              "origin": [
                -2.0,
                -5.0,
                24.0
              ],
              "size": [
                4.0,
                2.0,
                4.0
              ],
              "rotation": [
                0.0,
                0.0,
                0.0
              ],
              "uv": [
                64,
                99
              ],
              "inflate": 0
            },
            {
              "origin": [
                1.0,
                -2.0,
                22.0
              ],
              "size": [
                1.0,
                1.0,
                8.0
              ],
              "rotation": [
                0.0,
                0.0,
                0.0
              ],
              "uv": [
                115,
                68
              ],
              "inflate": 0
            },
            {
              "origin": [
                3.0,
                -2.0,
                28.0
              ],
              "size": [
                1.0,
                21.0,
                1.0
              ],
              "rotation": [
                0.0,
                0.0,
                0.0
              ],
              "uv": [
                46,
                123
              ],
              "inflate": 0
            },
            {
              "origin": [
                3.0,
                -2.0,
                23.0
              ],
              "size": [
                1.0,
                21.0,
                1.0
              ],
              "rotation": [
                0.0,
                0.0,
                0.0
              ],
              "uv": [
                20,
                123
              ],
              "inflate": 0
            },
            {
              "origin": [
                -4.0,
                -2.0,
                28.0
              ],
              "size": [
                1.0,
                21.0,
                1.0
              ],
              "rotation": [
                0.0,
                0.0,
                0.0
              ],
              "uv": [
                72,
                122
              ],
              "inflate": 0
            },
            {
              "origin": [
                -3.0,
                -2.0,
                29.0
              ],
              "size": [
                1.0,
                21.0,
                1.0
              ],
              "rotation": [
                0.0,
                0.0,
                0.0
              ],
              "uv": [
                15,
                122
              ],
              "inflate": 0
            },
            {
              "origin": [
                -3.0,
                -2.0,
                22.0
              ],
              "size": [
                1.0,
                21.0,
                1.0
              ],
              "rotation": [
                0.0,
                0.0,
                0.0
              ],
              "uv": [
                10,
                122
              ],
              "inflate": 0
            },
            {
              "origin": [
                -4.0,
                -2.0,
                23.0
              ],
              "size": [
                1.0,
                21.0,
                1.0
              ],
              "rotation": [
                0.0,
                0.0,
                0.0
              ],
              "uv": [
                5,
                122
              ],
              "inflate": 0
            },
            {
              "origin": [
                2.0,
                -2.0,
                29.0
              ],
              "size": [
                1.0,
                21.0,
                1.0
              ],
              "rotation": [
                0.0,
                0.0,
                0.0
              ],
              "uv": [
                0,
                122
              ],
              "inflate": 0
            },
            {
              "origin": [
                2.0,
                -2.0,
                22.0
              ],
              "size": [
                1.0,
                21.0,
                1.0
              ],
              "rotation": [
                0.0,
                0.0,
                0.0
              ],
              "uv": [
                100,
                121
              ],
              "inflate": 0
            },
            {
              "origin": [
                -5.0,
                -2.0,
                24.0
              ],
              "size": [
                10.0,
                1.0,
                4.0
              ],
              "rotation": [
                0.0,
                0.0,
                0.0
              ],
              "uv": [
                85,
                85
              ],
              "inflate": 0
            },
            {
              "origin": [
                4.0,
                -2.0,
                24.0
              ],
              "size": [
                1.0,
                21.0,
                4.0
              ],
              "rotation": [
                0.0,
                0.0,
                0.0
              ],
              "uv": [
                0,
                96
              ],
              "inflate": 0
            },
            {
              "origin": [
                -5.0,
                -2.0,
                24.0
              ],
              "size": [
                1.0,
                21.0,
                4.0
              ],
              "rotation": [
                0.0,
                0.0,
                0.0
              ],
              "uv": [
                95,
                95
              ],
              "inflate": 0
            }
          ],
          "rotation": [
            90,
            0,
            0
          ],
          "bind_pose_rotation": [
            0,
            0,
            0
          ]
        }
      ]
    }
  ]
}