{
  "format_version": "1.12.0",
  "minecraft:geometry": [
    {
      "description": {
        "identifier": "geometry.def_air_cracker",
        "texture_width": 128,
        "texture_height": 128,
        "visible_bounds_width": 3,
        "visible_bounds_height": 3,
        "visible_bounds_offset": [
          0,
          0.5,
          0
        ]
      },
      "bones": [
        {
          "name": "hexadecagon",
          "pivot": [
            -7,
            3,
            -8
          ],
          "cubes": [
            {
              "origin": [
                -13.0,
                9.0,
                -2.0
              ],
              "size": [
                7.0,
                2.0,
                2.0
              ],
              "rotation": [
                0.0,
                0.0,
                0.0
              ],
              "uv": [
                29,
                22
              ],
              "inflate": 0
            },
            {
              "origin": [
                -14.0,
                8.0,
                -3.0
              ],
              "size": [
                1.0,
                4.0,
                4.0
              ],
              "rotation": [
                0.0,
                0.0,
                0.0
              ],
              "uv": [
                0,
                40
              ],
              "inflate": 0
            },
            {
              "origin": [
                -15.0,
                9.0,
                -2.0
              ],
              "size": [
                1.0,
                2.0,
                2.0
              ],
              "rotation": [
                0.0,
                0.0,
                0.0
              ],
              "uv": [
                0,
                0
              ],
              "inflate": 0
            },
            {
              "origin": [
                -16.0,
                10.0,
                -1.0
              ],
              "size": [
                1.0,
                1.0,
                1.0
              ],
              "rotation": [
                0.0,
                0.0,
                0.0
              ],
              "uv": [
                0,
                5
              ],
              "inflate": 0
            }
          ],
          "rotation": [
            0,
            0,
            90
          ],
          "bind_pose_rotation": [
            0,
            0,
            0
          ]
        }
      ]
    }
  ]
}