{
  "format_version": "1.12.0",
  "minecraft:geometry": [
    {
      "description": {
        "identifier": "geometry.def_lava_launcher",
        "texture_width": 128,
        "texture_height": 128,
        "visible_bounds_width": 3,
        "visible_bounds_height": 3.5,
        "visible_bounds_offset": [
          0,
          1.25,
          0
        ]
      },
      "bones": [
        {
          "name": "octagon",
          "pivot": [
            0,
            0,
            0
          ],
          "cubes": [
            {
              "origin": [
                0.0,
                -4.6,
                -5.44853
              ],
              "size": [
                2.0,
                10.2,
                11.89706
              ],
              "pivot": [
                0.0,
                0.0,
                0.0
              ],
              "rotation": [
                -45.0,
                0.0,
                0.0
              ],
              "uv": [
                26,
                39
              ],
              "inflate": 0
            },
            {
              "origin": [
                0.0,
                -4.6,
                -5.44853
              ],
              "size": [
                2.0,
                10.2,
                11.89706
              ],
              "rotation": [
                0.0,
                0.0,
                0.0
              ],
              "uv": [
                0,
                39
              ],
              "inflate": 0
            },
            {
              "origin": [
                0.0,
                -5.44853,
                -4.6
              ],
              "size": [
                2.0,
                11.89706,
                10.2
              ],
              "pivot": [
                0.0,
                0.0,
                0.0
              ],
              "rotation": [
                -45.0,
                0.0,
                0.0
              ],
              "uv": [
                42,
                50
              ],
              "inflate": 0
            },
            {
              "origin": [
                0.0,
                -5.44853,
                -4.6
              ],
              "size": [
                2.0,
                11.89706,
                10.2
              ],
              "rotation": [
                0.0,
                0.0,
                0.0
              ],
              "uv": [
                44,
                0
              ],
              "inflate": 0
            }
          ],
          "rotation": [
            0,
            0,
            -90
          ],
          "bind_pose_rotation": [
            0,
            0,
            0
          ]
        },
        {
          "name": "octagon2",
          "pivot": [
            -1,
            1,
            0
          ],
          "cubes": [
            {
              "origin": [
                -4.0,
                -2.6,
                -3.55147
              ],
              "size": [
                2.0,
                8.2,
                8.0
              ],
              "pivot": [
                -1.0,
                1.0,
                0.0
              ],
              "rotation": [
                -45.0,
                0.0,
                0.0
              ],
              "uv": [
                58,
                63
              ],
              "inflate": 0
            },
            {
              "origin": [
                -4.0,
                -2.6,
                -3.55147
              ],
              "size": [
                2.0,
                8.2,
                8.0
              ],
              "rotation": [
                0.0,
                0.0,
                0.0
              ],
              "uv": [
                20,
                60
              ],
              "inflate": 0
            },
            {
              "origin": [
                -4.0,
                -3.44853,
                -4.4
              ],
              "size": [
                2.0,
                9.89706,
                8.0
              ],
              "pivot": [
                -1.0,
                1.0,
                0.0
              ],
              "rotation": [
                -45.0,
                0.0,
                0.0
              ],
              "uv": [
                0,
                60
              ],
              "inflate": 0
            },
            {
              "origin": [
                -4.0,
                -3.44853,
                -4.4
              ],
              "size": [
                2.0,
                9.89706,
                8.0
              ],
              "rotation": [
                0.0,
                0.0,
                0.0
              ],
              "uv": [
                56,
                39
              ],
              "inflate": 0
            }
          ],
          "rotation": [
            0,
            0,
            90
          ],
          "bind_pose_rotation": [
            0,
            0,
            0
          ]
        },
        {
          "name": "hexadecagon",
          "pivot": [
            -1,
            8,
            -3
          ],
          "cubes": [
            {
              "origin": [
                6.0,
                8.0,
                -3.0
              ],
              "size": [
                1.0,
                1.0,
                1.0
              ],
              "rotation": [
                0.0,
                0.0,
                0.0
              ],
              "uv": [
                0,
                0
              ],
              "inflate": 0
            }
          ],
          "rotation": [
            0,
            -45,
            90
          ],
          "bind_pose_rotation": [
            0,
            0,
            0
          ]
        },
        {
          "name": "octagon3",
          "pivot": [
            0,
            7,
            0
          ],
          "cubes": [
            {
              "origin": [
                -3.0,
                5.0,
                -4.82843
              ],
              "size": [
                13.0,
                4.0,
                9.65685
              ],
              "pivot": [
                0.0,
                7.0,
                0.0
              ],
              "rotation": [
                -45.0,
                0.0,
                0.0
              ],
              "uv": [
                0,
                13
              ],
              "inflate": 0
            },
            {
              "origin": [
                -3.0,
                5.0,
                -4.82843
              ],
              "size": [
                13.0,
                4.0,
                9.65685
              ],
              "rotation": [
                0.0,
                0.0,
                0.0
              ],
              "uv": [
                0,
                0
              ],
              "inflate": 0
            },
            {
              "origin": [
                -3.0,
                2.17157,
                -2.0
              ],
              "size": [
                13.0,
                9.65685,
                4.0
              ],
              "pivot": [
                0.0,
                7.0,
                0.0
              ],
              "rotation": [
                -45.0,
                0.0,
                0.0
              ],
              "uv": [
                34,
                26
              ],
              "inflate": 0
            },
            {
              "origin": [
                -3.0,
                2.17157,
                -2.0
              ],
              "size": [
                13.0,
                9.65685,
                4.0
              ],
              "rotation": [
                0.0,
                0.0,
                0.0
              ],
              "uv": [
                0,
                26
              ],
              "inflate": 0
            }
          ],
          "rotation": [
            0,
            0,
            -90
          ],
          "bind_pose_rotation": [
            0,
            0,
            0
          ]
        },
        {
          "name": "octagon4",
          "pivot": [
            0,
            14,
            0
          ],
          "cubes": [
            {
              "origin": [
                -3.0,
                13.0,
                -2.41421
              ],
              "size": [
                6.0,
                2.0,
                4.82843
              ],
              "pivot": [
                0.0,
                14.0,
                0.0
              ],
              "rotation": [
                -45.0,
                0.0,
                0.0
              ],
              "uv": [
                64,
                23
              ],
              "inflate": 0
            },
            {
              "origin": [
                -3.0,
                13.0,
                -2.41421
              ],
              "size": [
                6.0,
                2.0,
                4.82843
              ],
              "rotation": [
                0.0,
                0.0,
                0.0
              ],
              "uv": [
                64,
                17
              ],
              "inflate": 0
            },
            {
              "origin": [
                -3.0,
                11.58579,
                -1.0
              ],
              "size": [
                6.0,
                4.82843,
                2.0
              ],
              "pivot": [
                0.0,
                14.0,
                0.0
              ],
              "rotation": [
                -45.0,
                0.0,
                0.0
              ],
              "uv": [
                66,
                56
              ],
              "inflate": 0
            },
            {
              "origin": [
                -3.0,
                11.58579,
                -1.0
              ],
              "size": [
                6.0,
                4.82843,
                2.0
              ],
              "rotation": [
                0.0,
                0.0,
                0.0
              ],
              "uv": [
                12,
                60
              ],
              "inflate": 0
            }
          ],
          "rotation": [
            0,
            0,
            0
          ],
          "bind_pose_rotation": [
            0,
            0,
            0
          ]
        },
        {
          "name": "octagon5",
          "pivot": [
            0,
            14,
            -3
          ],
          "cubes": [
            {
              "origin": [
                -3.0,
                13.0,
                -5.41421
              ],
              "size": [
                7.0,
                2.0,
                4.82843
              ],
              "pivot": [
                0.0,
                14.0,
                -3.0
              ],
              "rotation": [
                -45.0,
                0.0,
                0.0
              ],
              "uv": [
                15,
                39
              ],
              "inflate": 0
            },
            {
              "origin": [
                -3.0,
                13.0,
                -5.41421
              ],
              "size": [
                8.0,
                2.0,
                4.82843
              ],
              "rotation": [
                0.0,
                0.0,
                0.0
              ],
              "uv": [
                58,
                0
              ],
              "inflate": 0
            },
            {
              "origin": [
                -3.0,
                11.58579,
                -4.0
              ],
              "size": [
                7.0,
                4.82843,
                2.0
              ],
              "pivot": [
                0.0,
                14.0,
                -3.0
              ],
              "rotation": [
                -45.0,
                0.0,
                0.0
              ],
              "uv": [
                35,
                0
              ],
              "inflate": 0
            },
            {
              "origin": [
                -3.0,
                11.58579,
                -4.0
              ],
              "size": [
                8.0,
                4.82843,
                2.0
              ],
              "rotation": [
                0.0,
                0.0,
                0.0
              ],
              "uv": [
                41,
                39
              ],
              "inflate": 0
            }
          ],
          "rotation": [
            0,
            75,
            -90
          ],
          "bind_pose_rotation": [
            0,
            0,
            0
          ]
        }
      ]
    }
  ]
}