{
	"format_version": "1.12.0",
	"minecraft:geometry": [
		{
			"description": {
				"identifier": "geometry.Fire",
				"texture_width": 128,
				"texture_height": 128,
				"visible_bounds_width": 3,
				"visible_bounds_height": 3,
				"visible_bounds_offset": [0, 0.5, 0]
			},
			"bones": [
				{
					"name": "hexadecagon",
					"pivot": [-7, 3, -8],
					"rotation": [0, 0, 90],
					"cubes": [
						{"origin": [-13, 9, -2], "size": [7, 2, 2], "uv": [29, 22]},
						{"origin": [-14, 8, -3], "size": [1, 4, 4], "uv": [0, 40]},
						{"origin": [-15, 9, -2], "size": [1, 2, 2], "uv": [0, 0]},
						{"origin": [-16, 10, -1], "size": [1, 1, 1], "uv": [0, 5]}
					]
				}
			]
		}
	]
}