{
	"format_version": "1.12.0",
	"minecraft:geometry": [
		{
			"description": {
				"identifier": "geometry.Roster",
				"texture_width": 128,
				"texture_height": 128,
				"visible_bounds_width": 3,
				"visible_bounds_height": 3.5,
				"visible_bounds_offset": [0, 1.25, 0]
			},
			"bones": [
				{
					"name": "octagon",
					"pivot": [0, 0, 0],
					"rotation": [0, 0, -90],
					"cubes": [
						{"origin": [0, -4.6, -5.44853], "size": [2, 10.2, 11.89706], "pivot": [0, 0, 0], "rotation": [-45, 0, 0], "uv": [26, 39]},
						{"origin": [0, -4.6, -5.44853], "size": [2, 10.2, 11.89706], "uv": [0, 39]},
						{"origin": [0, -5.44853, -4.6], "size": [2, 11.89706, 10.2], "pivot": [0, 0, 0], "rotation": [-45, 0, 0], "uv": [42, 50]},
						{"origin": [0, -5.44853, -4.6], "size": [2, 11.89706, 10.2], "uv": [44, 0]}
					]
				},
				{
					"name": "octagon2",
					"pivot": [-1, 1, 0],
					"rotation": [0, 0, 90],
					"cubes": [
						{"origin": [-4, -2.6, -3.55147], "size": [2, 8.2, 8], "pivot": [-1, 1, 0], "rotation": [-45, 0, 0], "uv": [58, 63]},
						{"origin": [-4, -2.6, -3.55147], "size": [2, 8.2, 8], "uv": [20, 60]},
						{"origin": [-4, -3.44853, -4.4], "size": [2, 9.89706, 8], "pivot": [-1, 1, 0], "rotation": [-45, 0, 0], "uv": [0, 60]},
						{"origin": [-4, -3.44853, -4.4], "size": [2, 9.89706, 8], "uv": [56, 39]}
					]
				},
				{
					"name": "hexadecagon",
					"pivot": [-1, 8, -3],
					"rotation": [0, -45, 90],
					"cubes": [
						{"origin": [6, 8, -3], "size": [1, 1, 1], "uv": [0, 0]}
					]
				},
				{
					"name": "octagon3",
					"pivot": [0, 7, 0],
					"rotation": [0, 0, -90],
					"cubes": [
						{"origin": [-3, 5, -4.82843], "size": [13, 4, 9.65685], "pivot": [0, 7, 0], "rotation": [-45, 0, 0], "uv": [0, 13]},
						{"origin": [-3, 5, -4.82843], "size": [13, 4, 9.65685], "uv": [0, 0]},
						{"origin": [-3, 2.17157, -2], "size": [13, 9.65685, 4], "pivot": [0, 7, 0], "rotation": [-45, 0, 0], "uv": [34, 26]},
						{"origin": [-3, 2.17157, -2], "size": [13, 9.65685, 4], "uv": [0, 26]}
					]
				},
				{
					"name": "octagon4",
					"pivot": [0, 14, 0],
					"cubes": [
						{"origin": [-3, 13, -2.41421], "size": [6, 2, 4.82843], "pivot": [0, 14, 0], "rotation": [-45, 0, 0], "uv": [64, 23]},
						{"origin": [-3, 13, -2.41421], "size": [6, 2, 4.82843], "uv": [64, 17]},
						{"origin": [-3, 11.58579, -1], "size": [6, 4.82843, 2], "pivot": [0, 14, 0], "rotation": [-45, 0, 0], "uv": [66, 56]},
						{"origin": [-3, 11.58579, -1], "size": [6, 4.82843, 2], "uv": [12, 60]}
					]
				},
				{
					"name": "octagon5",
					"pivot": [0, 14, -3],
					"rotation": [0, 75, -90],
					"cubes": [
						{"origin": [-3, 13, -5.41421], "size": [7, 2, 4.82843], "pivot": [0, 14, -3], "rotation": [-45, 0, 0], "uv": [15, 39]},
						{"origin": [-3, 13, -5.41421], "size": [8, 2, 4.82843], "uv": [58, 0]},
						{"origin": [-3, 11.58579, -4], "size": [7, 4.82843, 2], "pivot": [0, 14, -3], "rotation": [-45, 0, 0], "uv": [35, 0]},
						{"origin": [-3, 11.58579, -4], "size": [8, 4.82843, 2], "uv": [41, 39]}
					]
				}
			]
		}
	]
}