{
	"format_version": "1.12.0",
	"minecraft:geometry": [
		{
			"description": {
				"identifier": "geometry.V3M1",
				"texture_width": 128,
				"texture_height": 128,
				"visible_bounds_width": 4,
				"visible_bounds_height": 4,
				"visible_bounds_offset": [0, 1, 0]
			},
			"bones": [
				{
					"name": "hexadecagon",
					"pivot": [-9, 6, -9],
					"rotation": [0, 0, 90]
				},
				{
					"name": "hexadecagon2",
					"pivot": [-9, -2, -9],
					"rotation": [0, 0, 90]
				},
				{
					"name": "hexadecagon3",
					"pivot": [-9, 7, -9],
					"rotation": [0, 0, 90]
				},
				{
					"name": "hexadecagon4",
					"pivot": [9, 25, -9],
					"rotation": [0, 0, -90],
					"cubes": [
						{"origin": [-11, 30.26396, 0.83389], "size": [13, 2.2, 11.06015], "pivot": [0, 25, 0], "rotation": [45, 0, 0], "uv": [38, 3]},
						{"origin": [-11, 32.21492, -2.08592], "size": [13, 2.2, 11.06015], "pivot": [0, 25, 0], "rotation": [22.5, 0, 0], "uv": [38, 38]},
						{"origin": [-11, 32.9, -5.53007], "size": [13, 2.2, 11.06015], "uv": [0, 28]},
						{"origin": [-11, 32.21492, -8.97422], "size": [13, 2.2, 11.06015], "pivot": [0, 25, 0], "rotation": [-22.5, 0, 0], "uv": [0, 14]},
						{"origin": [-11, 30.26396, -11.89403], "size": [13, 2.2, 11.06015], "pivot": [0, 25, 0], "rotation": [-45, 0, 0], "uv": [0, 0]},
						{"origin": [-11, 27.78484, 2.34415], "size": [13, 11.06015, 2.2], "pivot": [0, 25, 0], "rotation": [22.5, 0, 0], "uv": [31, 52]},
						{"origin": [-11, 28.46993, -1.1], "size": [13, 11.06015, 2.2], "uv": [49, 17]},
						{"origin": [-11, 27.78484, -4.54415], "size": [13, 11.06015, 2.2], "pivot": [0, 25, 0], "rotation": [-22.5, 0, 0], "uv": [0, 42]},
						{"origin": [-16, 27, -2], "size": [9, 3, 4], "uv": [34, 69]},
						{"origin": [-16, 38, -2], "size": [9, 3, 4], "uv": [67, 52]}
					]
				},
				{
					"name": "hexadecagon5",
					"pivot": [-9, 5, -9],
					"rotation": [0, 0, 90],
					"cubes": [
						{"origin": [-20, 12.8, -6.03281], "size": [2, 2.4, 12.06561], "pivot": [-18, 14, 0], "rotation": [45, 0, 0], "uv": [68, 19]},
						{"origin": [-20, 12.8, -6.03281], "size": [2, 2.4, 12.06561], "pivot": [-18, 14, 0], "rotation": [22.5, 0, 0], "uv": [67, 67]},
						{"origin": [-20, 12.8, -6.03281], "size": [2, 2.4, 12.06561], "uv": [17, 66]},
						{"origin": [-20, 12.8, -6.03281], "size": [2, 2.4, 12.06561], "pivot": [-18, 14, 0], "rotation": [-22.5, 0, 0], "uv": [0, 56]},
						{"origin": [-20, 12.8, -6.03281], "size": [2, 2.4, 12.06561], "pivot": [-18, 14, 0], "rotation": [-45, 0, 0], "uv": [50, 54]},
						{"origin": [-20, 7.96719, -1.2], "size": [2, 12.06561, 2.4], "pivot": [-18, 14, 0], "rotation": [22.5, 0, 0], "uv": [46, 77]},
						{"origin": [-20, 7.96719, -1.2], "size": [2, 12.06561, 2.4], "uv": [76, 34]},
						{"origin": [-20, 7.96719, -1.2], "size": [2, 12.06561, 2.4], "pivot": [-18, 14, 0], "rotation": [-22.5, 0, 0], "uv": [0, 71]},
						{"origin": [-11, 6, -1], "size": [5, 1, 2], "uv": [31, 42]},
						{"origin": [-11, 21, -1], "size": [5, 1, 2], "uv": [38, 31]}
					]
				}
			]
		}
	]
}