{
  "format_version": "1.12",
  "minecraft:recipe_shaped": {
    "description": {
      "identifier": "gu:recolectadn"
    },
    "tags": [
      "suinters"
    ],
    "pattern": [
      "A",
      "B",
      "C"
    ],
    "key": {
      "A": {
        "item": "minecraft:iron_ingot",
        "data": 0
      },
      "B": {
        "item": "minecraft:glass_pane",
        "data": 0
      },
            "C": {
        "item": "minecraft:iron_nugget",
        "data": 0
      }
    },
    "result": {
      "item": "gu:recolectadn",
      "count": 1
    }
  }
}