{
  "format_version": "1.12",
  "minecraft:recipe_shaped": {
    "description": {
      "identifier": "gu:catchbook"
    },
    "tags": [
      "crafting_table"
    ],
    "pattern": [
      " A ",
      " B ",
      " C "
    ],
    "key": {
      "A": {
        "item": "minecraft:redstone",
        "data": 0
      },
"B": {
        "item": "minecraft:ender_pearl",
        "data": 0
      },
      "C": {
        "item": "minecraft:book",
        "data": 0
      }
    },
    "result": {
      "item": "gu:catchbook",
      "count": 1
    }
  }
}