{
  "format_version": "1.12",
  "minecraft:recipe_shaped": {
    "description": {
      "identifier": "gu:pistola"
    },
    "tags": [
      "suinters"
    ],
    "pattern": [
      " AA",
      " BA",
      "C  "
      
    ],
    "key": {
      "A": {
        "item": "minecraft:iron_ingot",
        "data": 0
      },
"B": {
        "item": "gu:dardo",
        "data": 0
      },
            "C": {
        "item": "minecraft:stick",
        "data": 0
      }
    },
    "result": {
      "item": "gu:pistola",
      "count": 1
    }
  }
}