{
  "format_version": "1.12",
  "minecraft:recipe_shaped": {
    "description": {
      "identifier": "gu:tech_table"
    },
    "tags": [
      "crafting_table"
    ],
    "pattern": [
      "BC",
      "AB"
    ],
    "key": {
      "B": {
        "item": "minecraft:iron_ingot",
        
        "data": 0
      },
      "A": {
        "item": "minecraft:crafting_table",
        
        "data": 0
      } ,
      "C": {
        "item": "minecraft:redstone",
        
        "data": 0
      }
    },
    "result": {
      "item": "gu:tech_table",
      "count": 1
    }
  }
}