{
  "format_version": "1.12",
  "minecraft:recipe_shaped": {
    "description": {
      "identifier": "gu:tpstick"
    },
    "tags": [
      "suinters"
    ],
    "pattern": [
      "  A",
      " C ",
      "B  "
      
    ],
    "key": {
      "A": {
        "item": "minecraft:redstone",
        "data": 0
      },
            "B": {
        "item": "minecraft:stick",
        "data": 0
      },
                        "C": {
        "item": "minecraft:iron_ingot",
        "data": 0
      }
    },
    "result": {
      "item": "gu:tpstick",
      "count": 1
    }
  }
}