{
  "format_version": "1.12",
  "minecraft:recipe_shaped": {
    "description": {
      "identifier": "gu:tramp8"
    },
    "tags": [
      "suinters"
    ],
    "pattern": [
      " A ",
      "BCB"
    ],
    "key": {
      "A": {
        "item": "minecraft:redstone",
        "data": 0
      },
"B": {
        "item": "minecraft:iron_ingot",
        "data": 0
      },
      "C": {
        "item": "minecraft:jungle_pressure_plate",
        "data": 0
      }
    },
    "result": {
				"item": "gu:tramp"
    }
  }
}