{
  "format_version": "1.12",
  "minecraft:recipe_shaped": {
    "description": {
      "identifier": "gu:goldmagic"
    },
    "tags": [
      "suinters"
    ],
    "pattern": [
      "  B",
      " BC",
      "ACC"
    ],
    "key": {
      "A": {
        "item": "minecraft:lapis_lazuli",
        "data": 0
      },
      "B": {
        "item": "minecraft:stick",
        "data": 0
      },
            "C": {
        "item": "gu:diamond_string",
        "data": 0
      }
    },
    "result": {
      "item": "gu:goldmagic",
      "count": 1
    }
  }
}