{
  "format_version": "1.13.0",
  "minecraft:entity": {
    "description": {
      "identifier": "minecraft:blaze",
      "is_spawnable": true,
      "is_summonable": true,
      "is_experimental": false
    },
    "component_groups": {
        	  "mobna": {
        "minecraft:spawn_entity": [
          {
            "min_wait_time": 0,
            "max_wait_time": 0,
            "spawn_entity": "gu:mobna",
            "spawn_event": "minecraft:entity",
            "single_use": true,
            "num_to_spawn": 1,
            "should_leash": false
          }
        ]
      },

	  "mobna2": {
        "minecraft:spawn_entity": [
          {
            "min_wait_time": 0,
            "max_wait_time": 0,
            "spawn_entity": "gu:mobna2",
            "spawn_event": "minecraft:entity",
            "single_use": true,
            "num_to_spawn": 1,
            "should_leash": false
          }
        ]
      },

	  "mobna3": {
        "minecraft:spawn_entity": [
          {
            "min_wait_time": 0,
            "max_wait_time": 0,
            "spawn_entity": "gu:mobna3",
            "spawn_event": "minecraft:entity",
            "single_use": true,
            "num_to_spawn": 1,
            "should_leash": false
          }
        ]
      },

	  "mobna4": {
        "minecraft:spawn_entity": [
          {
            "min_wait_time": 0,
            "max_wait_time": 0,
            "spawn_entity": "gu:mobna4",
            "spawn_event": "minecraft:entity",
            "single_use": true,
            "num_to_spawn": 1,
            "should_leash": false
          }
        ]
      },
	  "mobna5": {
        "minecraft:spawn_entity": [
          {
            "min_wait_time": 0,
            "max_wait_time": 0,
            "spawn_entity": "gu:mobna5",
            "spawn_event": "minecraft:entity",
            "single_use": true,
            "num_to_spawn": 1,
            "should_leash": false
          }
        ]
      }
    },
    "components": {
      "minecraft:experience_reward": {
        "on_death": "query.last_hit_by_player ? 10 : 0"
      },
      "minecraft:loot": {
        "table": "loot_tables/entities/blaze.json"
      },
      "minecraft:collision_box": {
        "width": 0.5,
        "height": 1.8
      },
      "minecraft:attack": {
        "damage": 6
      },
      "minecraft:damage_sensor": {
        "triggers": {
          "cause": "fall",
          "deals_damage": false
        }
      },
      "minecraft:movement": {
        "value": 0.23
      },
      "minecraft:navigation.walk": {
        "can_path_over_water": true,
        "avoid_water": true,
        "avoid_damage_blocks":  true
      },
      "minecraft:movement.basic": {
      },
      "minecraft:jump.static": {
      },
      "minecraft:can_climb": {
      },
      "minecraft:health": {
        "value": 20,
        "max": 20
      },
      "minecraft:hurt_on_condition": {
        "damage_conditions": [
          {
            "filters": { "test": "in_water_or_rain", "operator": "==", "value": true },
            "cause": "drowning",
            "damage_per_tick": 1
          }
        ]
      },
      "minecraft:follow_range": {
        "value": 48,
        "max": 48
      },
      "minecraft:fire_immune": {
      },
      "minecraft:nameable": {

      },
      "minecraft:despawn": {
        "despawn_from_distance": {}
      },
      "minecraft:behavior.float": {
        "priority": 0
      },
      "minecraft:behavior.hurt_by_target": {
        "priority": 1
      },
      "minecraft:behavior.nearest_attackable_target": {
        "priority": 2,
        "must_see": true,
        "entity_types": [
          {
            "filters": {
              "test": "is_family",
              "subject": "other",
              "value": "player"
            },
            "max_dist": 48.0
          }
        ]
      },
      "minecraft:behavior.melee_attack": {
        "priority": 3,
        "track_target": true,
        "random_stop_interval": 2
      },
      "minecraft:shooter": {
        "def": "minecraft:small_fireball"
      },
      "minecraft:behavior.ranged_attack": {
        "priority": 4,
        "burst_shots": 3,
        "burst_interval": 0.3,
        "charge_charged_trigger": 0.0,
        "charge_shoot_trigger": 4.0,
        "attack_interval_min": 3.0,
        "attack_interval_max": 5.0,
        "attack_radius": 16.0
      },
      "minecraft:behavior.random_stroll": {
        "priority": 5,
        "speed_multiplier": 1.0
      },
      "minecraft:behavior.random_look_around": {
        "priority": 6
      },
      "minecraft:type_family": {
        "family": [ "blaze", "monster", "mob" ]
      },
      "minecraft:physics": {
      },
      "minecraft:pushable": {
        "is_pushable": true,
        "is_pushable_by_piston": true
      },
              	"minecraft:interact": {
          "interactions": [
		    {
		      "on_interact": {
			    "filters": {
			      "all_of": [
				    { "test": "has_equipment", "domain": "hand", "subject": "other", "value": "gu:mobnet" },
                    { "test" :  "is_family", "subject" : "other", "value" :  "player"}
                  ]
			    },
			    "event": "mobna"
		      },
			  "interact_text": "action.interact.atrapar",
			  		"spawn_items": {
							"table": "loot_tables/mobna.json"
						}
            },
		    {
		      "on_interact": {
			    "filters": {
			      "all_of": [
				    { "test": "has_equipment", "domain": "hand", "subject": "other", "value": "gu:mobnet2" },
                    { "test" :  "is_family", "subject" : "other", "value" :  "player"}
                  ]
			    },
			    "event": "mobna2"
		      },
			  "interact_text": "action.interact.atrapar",
			  		"spawn_items": {
							"table": "loot_tables/mobna2.json"
						}
            },
		    {
		      "on_interact": {
			    "filters": {
			      "all_of": [
				    { "test": "has_equipment", "domain": "hand", "subject": "other", "value": "gu:mobnet3" },
                    { "test" :  "is_family", "subject" : "other", "value" :  "player"}
                  ]
			    },
			    "event": "mobna3"
		      },
			  "interact_text": "action.interact.atrapar",
			  		"spawn_items": {
							"table": "loot_tables/mobna3.json"
						}
            },
		    {
		      "on_interact": {
			    "filters": {
			      "all_of": [
				    { "test": "has_equipment", "domain": "hand", "subject": "other", "value": "gu:mobnet4" },
                    { "test" :  "is_family", "subject" : "other", "value" :  "player"}
                  ]
			    },
			    "event": "mobna4"
		      },
			  "interact_text": "action.interact.atrapar",
			  		"spawn_items": {
							"table": "loot_tables/mobna4.json"
						}
            },
{
		      "on_interact": {
			    "filters": {
			      "all_of": [
				    { "test": "has_equipment", "domain": "hand", "subject": "other", "value": "gu:recolectadn" },
                    { "test" :  "is_family", "subject" : "other", "value" :  "player"}
                  ]
			    },
			    "event": "minecraft"
		      },
			  "use_item": true,
			  "interact_text": "Recolectar",
			  		"spawn_items": {
							"table": "loot_tables/adncat.json"
						}
            },
		    {
		      "on_interact": {
			    "filters": {
			      "all_of": [
				    { "test": "has_equipment", "domain": "hand", "subject": "other", "value": "gu:mobnet5" },
                    { "test" :  "is_family", "subject" : "other", "value" :  "player"}
                  ]
			    },
			    "event": "mobna5"
		      },
			  "interact_text": "action.interact.atrapar",
			  		"spawn_items": {
							"table": "loot_tables/mobna5.json"
						}
            }
            ]
	}
    },

    "events": {
              "mobna": {
        "remove": {
        },
        "add": {
          "component_groups": [
            "mobna"
          ]
        }
      },
"mobna2": {
        "remove": {
        },
        "add": {
          "component_groups": [
            "mobna2"
          ]
        }
      },
"mobna3": {
        "remove": {
        },
        "add": {
          "component_groups": [
            "mobna3"
          ]
        }
      },
"mobna4": {
        "remove": {
        },
        "add": {
          "component_groups": [
            "mobna4"
          ]
        }
      },
"mobna5": {
        "remove": {
        },
        "add": {
          "component_groups": [
            "mobna5"
          ]
        }
      }

    }
  }
}