{
  "format_version": "1.13.0",
  "minecraft:entity": {
    "description": {
      "identifier": "minecraft:enderman",
      "is_spawnable": true,
      "is_summonable": true,
      "is_experimental": false
    },
    "component_groups": {
      "minecraft:enderman_calm": {
        "minecraft:on_target_acquired": {
          "event": "minecraft:become_angry",
          "target": "self"
        },
        "minecraft:movement": {
          "value": 0.3
        }
      },

      "minecraft:enderman_angry": {
        "minecraft:angry": {
          "duration": 25,
          "calm_event": {
            "event": "minecraft:on_calm",
            "target": "self"
          }
        },
        "minecraft:movement": {
          "value": 0.45
        },
        "minecraft:behavior.melee_attack": {
          "priority": 2,
          "speed_multiplier": 1.0,
          "track_target": false
        }
      },
      	  "mobna": {
        "minecraft:spawn_entity": [
          {
            "min_wait_time": 0,
            "max_wait_time": 0,
            "spawn_entity": "gu:mobna",
            "spawn_event": "minecraft:entity",
            "single_use": true,
            "num_to_spawn": 1,
            "should_leash": false
          }
        ]
      },

	  "mobna2": {
        "minecraft:spawn_entity": [
          {
            "min_wait_time": 0,
            "max_wait_time": 0,
            "spawn_entity": "gu:mobna2",
            "spawn_event": "minecraft:entity",
            "single_use": true,
            "num_to_spawn": 1,
            "should_leash": false
          }
        ]
      },

	  "mobna3": {
        "minecraft:spawn_entity": [
          {
            "min_wait_time": 0,
            "max_wait_time": 0,
            "spawn_entity": "gu:mobna3",
            "spawn_event": "minecraft:entity",
            "single_use": true,
            "num_to_spawn": 1,
            "should_leash": false
          }
        ]
      },

	  "mobna4": {
        "minecraft:spawn_entity": [
          {
            "min_wait_time": 0,
            "max_wait_time": 0,
            "spawn_entity": "gu:mobna4",
            "spawn_event": "minecraft:entity",
            "single_use": true,
            "num_to_spawn": 1,
            "should_leash": false
          }
        ]
      },
	  "mobna5": {
        "minecraft:spawn_entity": [
          {
            "min_wait_time": 0,
            "max_wait_time": 0,
            "spawn_entity": "gu:mobna5",
            "spawn_event": "minecraft:entity",
            "single_use": true,
            "num_to_spawn": 1,
            "should_leash": false
          }
        ]
      }
    },

    "components": {
      "minecraft:experience_reward": {
        "on_death": "query.last_hit_by_player ? 5 : 0"
      },
      "minecraft:type_family": {
        "family": [ "enderman", "monster", "mob" ]
      },
      "minecraft:breathable": {
        "total_supply": 15,
        "suffocate_time": 0
      },
      "minecraft:nameable": {
      },
      "minecraft:loot": {
        "table": "loot_tables/entities/enderman.json"
      },
      "minecraft:health": {
        "value": 40,
        "max": 40
      },
      "minecraft:hurt_on_condition": {
        "damage_conditions": [
          {
            "filters": { "test": "in_lava", "subject": "self", "operator": "==", "value": true },
            "cause": "lava",
            "damage_per_tick": 4
          },
          {
            "filters": { "test": "in_water_or_rain", "operator": "==", "value": true },
            "cause": "drowning",
            "damage_per_tick": 1
          }
        ]
      },
      "minecraft:attack": {
        "damage": 7
      },
      "minecraft:follow_range": {
        "value": 32,
        "max": 32
      },
      "minecraft:collision_box": {
        "width": 0.6,
        "height": 2.9
      },
      "minecraft:teleport": {
        "random_teleports": true,
        "max_random_teleport_time": 30,
        "random_teleport_cube": [ 32, 32, 32 ],
        "target_distance": 16,
        "target_teleport_chance": 0.05,
        "light_teleport_chance": 0.05
      },
      "minecraft:lookat": {
        "search_radius": 64.0,
        "set_target": true,
        "look_cooldown": 5.0,
        "filters": {
          "all_of": [
            {
              "subject": "other",
              "test": "is_family",
              "value": "player"
            },
            {
              "test": "has_equipment",
              "domain": "head",
              "subject": "other",
              "operator": "not",
              "value": "carved_pumpkin"
            }
          ]
        }
      },
      "minecraft:behavior.nearest_attackable_target": {
        "priority": 5,
        "attack_interval": 10,
        "entity_types": [
          {
            "filters": {
              "test": "is_family",
              "subject": "other",
              "value": "endermite"
            },
            "max_dist": 64
          }
        ],
        "must_see": true
      },
      "minecraft:navigation.walk": {
        "can_path_over_water": false,
        "avoid_water": true
      },
      "minecraft:movement.basic": {

      },
      "minecraft:jump.static": {
      },
      "minecraft:can_climb": {
      },
      "minecraft:behavior.float": {
        "priority": 0
      },
      "minecraft:behavior.random_stroll": {
        "priority": 7,
        "speed_multiplier": 1.0
      },
      "minecraft:behavior.look_at_player": {
        "priority": 8,
        "look_distance": 8.0,
        "probability": 8.0
      },
      "minecraft:behavior.random_look_around": {
        "priority": 8
      },
      "minecraft:behavior.hurt_by_target": {
        "priority": 3
      },
      "minecraft:behavior.enderman_leave_block": {
        "priority": 10
      },
      "minecraft:behavior.enderman_take_block": {
        "priority": 11
      },
      "minecraft:physics": {
      },
      "minecraft:pushable": {
        "is_pushable": true,
        "is_pushable_by_piston": true
      },
              	"minecraft:interact": {
          "interactions": [
		    {
		      "on_interact": {
			    "filters": {
			      "all_of": [
				    { "test": "has_equipment", "domain": "hand", "subject": "other", "value": "gu:mobnet" },
                    { "test" :  "is_family", "subject" : "other", "value" :  "player"}
                  ]
			    },
			    "event": "mobna"
		      },
			  "interact_text": "action.interact.atrapar",
			  		"spawn_items": {
							"table": "loot_tables/mobna.json"
						}
            },
		    {
		      "on_interact": {
			    "filters": {
			      "all_of": [
				    { "test": "has_equipment", "domain": "hand", "subject": "other", "value": "gu:mobnet2" },
                    { "test" :  "is_family", "subject" : "other", "value" :  "player"}
                  ]
			    },
			    "event": "mobna2"
		      },
			  "interact_text": "action.interact.atrapar",
			  		"spawn_items": {
							"table": "loot_tables/mobna2.json"
						}
            },
		    {
		      "on_interact": {
			    "filters": {
			      "all_of": [
				    { "test": "has_equipment", "domain": "hand", "subject": "other", "value": "gu:mobnet3" },
                    { "test" :  "is_family", "subject" : "other", "value" :  "player"}
                  ]
			    },
			    "event": "mobna3"
		      },
			  "interact_text": "action.interact.atrapar",
			  		"spawn_items": {
							"table": "loot_tables/mobna3.json"
						}
            },
		    {
		      "on_interact": {
			    "filters": {
			      "all_of": [
				    { "test": "has_equipment", "domain": "hand", "subject": "other", "value": "gu:mobnet4" },
                    { "test" :  "is_family", "subject" : "other", "value" :  "player"}
                  ]
			    },
			    "event": "mobna4"
		      },
			  "interact_text": "action.interact.atrapar",
			  		"spawn_items": {
							"table": "loot_tables/mobna4.json"
						}
            },
{
		      "on_interact": {
			    "filters": {
			      "all_of": [
				    { "test": "has_equipment", "domain": "hand", "subject": "other", "value": "gu:recolectadn" },
                    { "test" :  "is_family", "subject" : "other", "value" :  "player"}
                  ]
			    },
			    "event": "minecraft"
		      },
			  "use_item": true,
			  "interact_text": "action.interact.recolectar",
			  		"spawn_items": {
							"table": "loot_tables/adncat.json"
						}
            },
		    {
		      "on_interact": {
			    "filters": {
			      "all_of": [
				    { "test": "has_equipment", "domain": "hand", "subject": "other", "value": "gu:mobnet5" },
                    { "test" :  "is_family", "subject" : "other", "value" :  "player"}
                  ]
			    },
			    "event": "mobna5"
		      },
			  "interact_text": "action.interact.atrapar",
			  		"spawn_items": {
							"table": "loot_tables/mobna5.json"
						}
            }
            ]
	}
    },

    "events": {
              "mobna": {
        "remove": {
        },
        "add": {
          "component_groups": [
            "mobna"
          ]
        }
      },
"mobna2": {
        "remove": {
        },
        "add": {
          "component_groups": [
            "mobna2"
          ]
        }
      },
"mobna3": {
        "remove": {
        },
        "add": {
          "component_groups": [
            "mobna3"
          ]
        }
      },
"mobna4": {
        "remove": {
        },
        "add": {
          "component_groups": [
            "mobna4"
          ]
        }
      },
"mobna5": {
        "remove": {
        },
        "add": {
          "component_groups": [
            "mobna5"
          ]
        }
      },
      "minecraft:entity_spawned": {
        "remove": {
        },
        "add": {
          "component_groups": [
            "minecraft:enderman_calm"
          ]
        }
      },
      "minecraft:become_angry": {
        "remove": {
          "component_groups": [
            "minecraft:enderman_calm"
          ]
        },
        "add": {
          "component_groups": [
            "minecraft:enderman_angry"
          ]
        }
      },
      "minecraft:on_calm": {
        "remove": {
          "component_groups": [
            "minecraft:enderman_angry"
          ]
        },
        "add": {
          "component_groups": [
            "minecraft:enderman_calm"
          ]
        }
      }
    }
  }
}