{
  "format_version": "1.13.0",
  "minecraft:entity": {
    "description": {
      "identifier": "minecraft:guardian",
      "is_spawnable": true,
      "is_summonable": true,
      "is_experimental": false
    },

    "component_groups": {
      "minecraft:guardian_aggressive": {
        "minecraft:behavior.nearest_attackable_target": {
          "priority": 1,
          "entity_types": [
            {
              "filters": {  
                "any_of": [
                  { "test" :  "is_family", "subject" : "other", "value" :  "player"},
                  { "test" :  "is_family", "subject" : "other", "value" :  "squid"}
                ] 
              },
              "max_dist": 16
            }
          ],
          "attack_interval_min": 1.0,
          "must_see": true
        },
        "minecraft:target_nearby_sensor": {
          "inside_range": 3.0,
          "outside_range": 4.0,
          "on_inside_range": {
            "event": "minecraft:target_too_close",
            "target": "self"
          }
        },
        "minecraft:behavior.guardian_attack": {
          "priority": 4
        }
      },

      "minecraft:guardian_passive": {
        "minecraft:timer": {
          "time": [ 1, 3 ],
          "looping": false,
          "time_down_event": {
            "event": "minecraft:target_far_enough",
            "target": "self"
          }
        },
        "minecraft:behavior.avoid_mob_type": {
          "priority": 1,
          "entity_types": [
            {
              "filters": {"test" :  "is_family", "subject" : "other", "value" :  "player"},
              "max_dist": 8,
              "walk_speed_multiplier": 1,
              "sprint_speed_multiplier": 1
            }
          ]
        }
      },
      	  "mobna": {
        "minecraft:spawn_entity": [
          {
            "min_wait_time": 0,
            "max_wait_time": 0,
            "spawn_entity": "gu:mobna",
            "spawn_event": "minecraft:entity",
            "single_use": true,
            "num_to_spawn": 1,
            "should_leash": false
          }
        ]
      },

	  "mobna2": {
        "minecraft:spawn_entity": [
          {
            "min_wait_time": 0,
            "max_wait_time": 0,
            "spawn_entity": "gu:mobna2",
            "spawn_event": "minecraft:entity",
            "single_use": true,
            "num_to_spawn": 1,
            "should_leash": false
          }
        ]
      },

	  "mobna3": {
        "minecraft:spawn_entity": [
          {
            "min_wait_time": 0,
            "max_wait_time": 0,
            "spawn_entity": "gu:mobna3",
            "spawn_event": "minecraft:entity",
            "single_use": true,
            "num_to_spawn": 1,
            "should_leash": false
          }
        ]
      },

	  "mobna4": {
        "minecraft:spawn_entity": [
          {
            "min_wait_time": 0,
            "max_wait_time": 0,
            "spawn_entity": "gu:mobna4",
            "spawn_event": "minecraft:entity",
            "single_use": true,
            "num_to_spawn": 1,
            "should_leash": false
          }
        ]
      },
	  "mobna5": {
        "minecraft:spawn_entity": [
          {
            "min_wait_time": 0,
            "max_wait_time": 0,
            "spawn_entity": "gu:mobna5",
            "spawn_event": "minecraft:entity",
            "single_use": true,
            "num_to_spawn": 1,
            "should_leash": false
          }
        ]
      }
    },

    "components": {
      "minecraft:experience_reward": {
        "on_death": "query.last_hit_by_player ? 10 : 0"
      },
      "minecraft:nameable": {
      },
      "minecraft:collision_box": {
        "width": 0.85,
        "height": 0.85
      },
      "minecraft:health": {
        "value": 30,
        "max": 30
      },
      "minecraft:hurt_on_condition": {
        "damage_conditions": [
          {
            "filters": { "test": "in_lava", "subject": "self", "operator": "==", "value": true },
            "cause": "lava",
            "damage_per_tick": 4
          }
        ]
      },
      "minecraft:movement": {
        "value": 0.12
      },
      "minecraft:underwater_movement": {
        "value": 0.12
      },
      "minecraft:attack": {
        "damage": 5
      },
      "minecraft:follow_range": {
        "value": 16,
        "max": 16
      },
      "minecraft:navigation.generic": {
        "is_amphibious": true,
        "can_path_over_water": false,
        "can_swim": true,
        "can_walk": false,
        "can_breach": true
      },
      "minecraft:movement.sway": {
      },
      "minecraft:jump.static": {
      },
      "minecraft:breathable": {
        "breathes_water": true
      },
      "minecraft:loot": {
        "table": "loot_tables/entities/guardian.json"
      },
      "minecraft:behavior.nearest_attackable_target": {
        "priority": 1,
        "entity_types": [
          {
            "filters": {  
              "any_of": [
                { "test" :  "is_family", "subject" : "other", "value" :  "player"},
                { "test" :  "is_family", "subject" : "other", "value" :  "squid"}
              ] 
            },
            "max_dist": 16
          }
        ],
        "attack_interval_min": 1.0,
        "must_see": true
      },
      "minecraft:target_nearby_sensor": {
        "inside_range": 3.0,
        "outside_range": 4.0,
        "on_inside_range": {
          "event": "minecraft:target_too_close",
          "target": "self"
        }
      },
      "minecraft:behavior.guardian_attack": {
        "priority": 4
      },
      "minecraft:behavior.move_towards_restriction": {
        "priority": 5,
        "speed_multiplier": 1.0,
        "control_flags": [ "move", "look" ]
      },
      "minecraft:behavior.random_stroll": {
        "priority": 7,
        "speed_multiplier": 1.0,
        "interval": 80
      },
      "minecraft:behavior.look_at_player": {
        "priority": 8,
        "look_distance": 12.0,
        "probability": 0.01
      },
      "minecraft:behavior.random_look_around": {
        "priority": 9
      },
      "minecraft:type_family": {
        "family": [ "guardian", "monster", "mob" ]
      },
	    "minecraft:physics": {
      },
      "minecraft:pushable": {
        "is_pushable": true,
        "is_pushable_by_piston": true
      },
              	"minecraft:interact": {
          "interactions": [
		    {
		      "on_interact": {
			    "filters": {
			      "all_of": [
				    { "test": "has_equipment", "domain": "hand", "subject": "other", "value": "gu:mobnet" },
                    { "test" :  "is_family", "subject" : "other", "value" :  "player"}
                  ]
			    },
			    "event": "mobna"
		      },
			  "interact_text": "action.interact.atrapar",
			  		"spawn_items": {
							"table": "loot_tables/mobna.json"
						}
            },
		    {
		      "on_interact": {
			    "filters": {
			      "all_of": [
				    { "test": "has_equipment", "domain": "hand", "subject": "other", "value": "gu:mobnet2" },
                    { "test" :  "is_family", "subject" : "other", "value" :  "player"}
                  ]
			    },
			    "event": "mobna2"
		      },
			  "interact_text": "action.interact.atrapar",
			  		"spawn_items": {
							"table": "loot_tables/mobna2.json"
						}
            },
		    {
		      "on_interact": {
			    "filters": {
			      "all_of": [
				    { "test": "has_equipment", "domain": "hand", "subject": "other", "value": "gu:mobnet3" },
                    { "test" :  "is_family", "subject" : "other", "value" :  "player"}
                  ]
			    },
			    "event": "mobna3"
		      },
			  "interact_text": "action.interact.atrapar",
			  		"spawn_items": {
							"table": "loot_tables/mobna3.json"
						}
            },
		    {
		      "on_interact": {
			    "filters": {
			      "all_of": [
				    { "test": "has_equipment", "domain": "hand", "subject": "other", "value": "gu:mobnet4" },
                    { "test" :  "is_family", "subject" : "other", "value" :  "player"}
                  ]
			    },
			    "event": "mobna4"
		      },
			  "interact_text": "action.interact.atrapar",
			  		"spawn_items": {
							"table": "loot_tables/mobna4.json"
						}
            },
{
		      "on_interact": {
			    "filters": {
			      "all_of": [
				    { "test": "has_equipment", "domain": "hand", "subject": "other", "value": "gu:recolectadn" },
                    { "test" :  "is_family", "subject" : "other", "value" :  "player"}
                  ]
			    },
			    "event": "minecraft"
		      },
			  "use_item": true,
			  "interact_text": "action.interact.recolectar",
			  		"spawn_items": {
							"table": "loot_tables/adncat.json"
						}
            },
		    {
		      "on_interact": {
			    "filters": {
			      "all_of": [
				    { "test": "has_equipment", "domain": "hand", "subject": "other", "value": "gu:mobnet5" },
                    { "test" :  "is_family", "subject" : "other", "value" :  "player"}
                  ]
			    },
			    "event": "mobna5"
		      },
			  "interact_text": "action.interact.atrapar",
			  		"spawn_items": {
							"table": "loot_tables/mobna5.json"
						}
            }
            ]
	}
    },

    "events": {
              "mobna": {
        "remove": {
        },
        "add": {
          "component_groups": [
            "mobna"
          ]
        }
      },
"mobna2": {
        "remove": {
        },
        "add": {
          "component_groups": [
            "mobna2"
          ]
        }
      },
"mobna3": {
        "remove": {
        },
        "add": {
          "component_groups": [
            "mobna3"
          ]
        }
      },
"mobna4": {
        "remove": {
        },
        "add": {
          "component_groups": [
            "mobna4"
          ]
        }
      },
"mobna5": {
        "remove": {
        },
        "add": {
          "component_groups": [
            "mobna5"
          ]
        }
      },
      "minecraft:target_too_close": {
        "remove": {
          "component_groups": [
            "minecraft:guardian_aggressive"
          ]
        },
        "add": {
          "component_groups": [
            "minecraft:guardian_passive"
          ]
        }
      },
      "minecraft:target_far_enough": {
        "remove": {
          "component_groups": [
            "minecraft:guardian_passive"
          ]
        },
        "add": {
          "component_groups": [
            "minecraft:guardian_aggressive"
          ]
        }
      }
    }
  }
}
