{
  "format_version": "1.10.0",
  "animation_controllers": {
    "controller.animation.cd_dot": {
      "initial_state": "default",
      "states": {
        "default": {
          "transitions": [
            {
              "shoot": "query.mark_variant == 1 && query.get_equipped_item_name=='dot' && query.item_remaining_use_duration > 0"
            }
          ]
        },
        "shoot": {
          "transitions": [
            {
              "default": "query.mark_variant == 1 && query.get_equipped_item_name=='dot' && query.item_remaining_use_duration > 0"
            }
          ],
          "on_entry": [
            "@s cd:dot_fire",
            "/playsound cd_dot_shot"
          ],
          "on_exit": [
            "/clear @s cd:dot 0 1"
          ]
        }
      }
    }
  }
}